56	B	B	 /euphemistic variant of 屄[bi1]/
174	㐅	㐅	 /old variant of 五[wu3]/
176	㐌	㐌	 /variant of 它[ta1]/
179	㐜	㐜	 /variant of 仇[chou2]/
180	㐡	㐡	 /old variant of 懦[nuo4]/
181	㐤	㐤	 /old variant of 求[qiu2]/
182	㐫	㐫	 /old variant of 凶[xiong1]/
183	㐰	㐰	 /old variant of 信[xin4]/
184	㐺	㐺	 /old variant of 眾|众[zhong4]/
187	俊	㑺	 /old variant of 俊[jun4]/
188	㒳	㒳	 /old variant of 兩|两[liang3]/
189	㒸	㒸	 /old variant of 遂[sui4]/
190	罔	㒺	 /old variant of 罔[wang3]/
191	寇	㓂	 /old variant of 寇[kou4]/
193	却	㕁	 /old variant of 卻|却[que4]/
194	厨	㕑	 /old variant of 廚|厨[chu2]/
195	参	㕘	 /variant of 參|参[can1]/
196	㕥	㕥	 /old variant of 呻[shen1]/
197	以	㕥	 /old variant of 以[yi3]/
198	㕯	㕯	 /old variant of 訥|讷[ne4]/
204	坳	㘭	 /variant of 坳[ao4]/
211	㛃	㛃	 /variant of 潔|洁[jie2] (mostly used in given names)/
212	㝄	㝄	 /old variant of 純|纯[chun2]/
213	㝇	㝇	 /old variant of 鶉|鹑[chun2]/
214	宿	㝛	 /old variant of 宿[su4]/
215	冥	㝠	 /old variant of 冥[ming2]/
216	最	㝡	 /variant of 最[zui4]/
217	㝵	㝵	 /variant of 礙|碍[ai4]/
218	㝵	㝵	 /to obtain (old variant of 得[de2])/
222	㞙	㞙	 /old variant of 尿[niao4]/
224	岸	㟁	 /variant of 岸[an4]/
226	岛	㠀	 /variant of 島|岛[dao3]/
228	以	㠯	 /old variant of 以[yi3]/
229	帆	㠶	 /variant of 帆[fan1]/
230	帽	㡌	 /old variant of 帽[mao4]/
231	廉	㢘	 /old variant of 廉[lian2]/
232	迥	㢠	 /variant of 迥[jiong3]/
233	㢲	㢲	 /variant of 巽[xun4]/
234	㢴	㢴	 /old variant of 西[xi1]/
236	㤅	㤅	 /old variant of 愛|爱[ai4]/
237	恩	㤙	 /variant of 恩[en1]/
238	㥁	㥁	 /variant of 德[de2]/
240	惬	㥦	 /variant of 愜|惬[qie4]/
243	㦂	㦂	 /old variant of 常[chang2]/
245	拿	㧱	 /old variant of 拿[na2]/
246	㨃	㨃	 /variant of 懟|怼[dui3]/
248	晃	㨪	 /variant of 晃[huang3]/
249	据	㨿	 /variant of 據|据[ju4]/
250	㩐	㩐	 /variant of 扽[den4]/
251	携	㩗	 /old variant of 攜|携[xie2]/
252	㨫	㩜	 /variant of 擥[lan3]/
253	携	㩦	 /old variant of 攜|携[xie2]/
256	㪋	㪋	 /variant of 捍[han4]/
257	散	㪚	 /variant of 散[san4]/
258	敦	㪟	 /variant of 敦[dun1]/
260	㫺	㫺	 /old variant of 昔[xi1]/
261	暖	㬉	 /old variant of 暖[nuan3]/
262	㬎	㬎	 /old variant of 顯|显[xian3]/
263	㮎	㮎	 /variant of 杯[bei1]/
264	㮚	㮚	 /old variant of 栗[li4]/
265	㮸	㮸	 /variant of 送[song4]/
266	橹	㯭	 /variant of 櫓|橹[lu3]/
267	㯳	㯳	 /variant of 檠[qing2]/
268	饮	㱃	 /old variant of 飲|饮[yin3]/
270	㲈	㲈	 /variant of 韶[shao2]/
271	㲈	㲈	 /variant of 鞀|鼗[tao2]/
273	㲱	㲱	 /old variant of 鬣[lie4]/
274	㲾	㲾	 /old variant of 雨[yu3]/
275	㳂	㳂	 /variant of 沿[yan2]/
276	涎	㳄	 /variant of 涎[xian2]/
278	法	㳒	 /variant of 法[fa3]/
280	㳮	㳮	 /old variant of 尿[niao4]/
281	深	㴱	 /old variant of 深[shen1]/
282	涧	㵎	 /variant of 澗|涧[jian4]/
285	㵪	㵪	 /variant of 涎[xian2]/
288	㷖	㷖	 /old variant of 照[zhao4]/
289	㷭	㷭	 /old variant of 烽[feng1]/
290	烨	㷸	 /variant of 燁|烨[ye4]/
292	㹠	㹠	 /old variant of 豚[tun2]/
298	㺵	㺵	 /black jade (variant of 玖[jiu3])/
301	碗	㼝	 /variant of 碗[wan3]/
302	留	㽞	 /old variant of 留[liu2]/
303	㽮	㽮	 /old variant of 星[xing1]/
304	瘪	㿜	 /variant of 癟|瘪[bie3]/
305	㿝	㿝	 /old variant of 香[xiang1]/
307	䂖	䂖	 /variant of 石[shi2]/
308	䂲	䂲	 /variant of 砝[fa3]/
309	䂶	䂶	 /variant of 蜐[jie2]/
310	䃉	䃉	 /old variant of 珉[min2]/
313	䇲	䇲	 /variant of 筴|策[ce4]/
315	糊	䊀	 /variant of 糊[hu2]/
317	䍹	䍹	 /variant of 膻[shan1]/
319	䒗	䒗	 /old variant of 芞[qi4]/
321	䔢	䔢	 /old variant of 華|华[hua2]/
322	䕭	䕭	 /variant of 蕁|荨[qian2]/
324	䖟	䖟	 /old variant of 虻[meng2]/
325	䖸	䖸	 /variant of 蛾[e2]/
326	䗈	䗈	 /old variant of 虻[meng2]/
329	蜂	䗬	 /variant of 蜂[feng1]/
330	䗶	䗶	 /old variant of 蠟|蜡[la4]/
331	恤	䘏	 /variant of 恤[xu4]/
332	脉	䘑	 /old variant of 脈|脉[mai4]/
333	卒	䘚	 /variant of 卒[zu2]/
334	词	䛐	 /old variant of 詞|词[ci2]/
335	䛟	䛟	 /variant of 唊[jia2]/
336	䝓	䝓	 /old variant of 鬣[lie4]/
337	獾	䝔	 /variant of 獾[huan1]/
338	䞓	䞓	 /old variant of 赬|赪[cheng1]/
339	䟆	䟆	 /old variant of 蹕|跸[bi4]/
340	䟖	䟖	 /erroneous variant of 趾[zhi3]/
342	趟	䠀	 /old variant of 趟[tang1]/
343	䠞	䠞	 /variant of 蹙[cu4]/
344	射	䠶	 /old variant of 射[she4]/
347	䤈	䤈	 /old variant of 醯[xi1]/
349	镰	䥥	 /old variant of 鐮|镰[lian2]/
351	䦉	䦉	 /variant of 肆[si4]/
352	䦕	䦕	 /variant of 閛[peng1]/
353	䩦	䩦	 /variant of 鞗[tiao2]/
354	䫏	䫏	 /variant of 魌[qi1]/
355	飒	䬃	 /variant of 颯|飒[sa4]/
356	䬠	䬠	 /old variant of 霏[fei1]/
357	䬪	䬪	 /variant of 餺|馎[bo2]/
358	驮	䭾	 /variant of 馱|驮[tuo2]/
359	䯝	䯝	 /variant of 髓[sui3]/
360	魂	䰟	 /old variant of 魂[hun2]/
364	䲔	䲔	 /old variant of 鯨|鲸[jing1]/
366	䳗	䳗	 /variant of 鵝|鹅[e2]/
367	鹅	䳘	 /variant of 鵝|鹅[e2]/
372	麸	䴸	 /variant of 麩|麸[fu1]/
373	䵹	䵹	 /old variant of 蜘[zhi1]/
374	衄	䶊	 /old variant of 衄[nu:4]/
375	䶑	䶑	 /variant of 嚏[ti4]/
1170	丄	丄	 /old variant of 上[shang4]/
1171	丅	丅	 /old variant of 下[xia4]/
2111	丌	丌	 /old variant of 其[qi2]/
2995	丒	丒	 /variant of 醜|丑[chou3]/
3114	丗	丗	 /old variant of 世[shi4]/
3193	丠	丠	 /old variant of 丘[qiu1]/
3194	両	両	 /Japanese variant of 兩|两[liang3]/
3195	丣	丣	 /old variant of 酉[you3]/
3231	丩	丩	 /old variant of 糾|纠[jiu1]/
3821	丱	丱	 /old variant of 礦|矿[kuang4]/
4059	丼	丼	 /old variant of 井[jing3]/
4062	乀	乀	 /variant of 丿[pie3]/
4100	乆	乆	 /old variant of 久[jiu3]/
4101	乇	乇	 /old variant of 托[tuo1]/
4151	乕	乕	 /old variant of 虎[hu3]/
4167	乗	乗	 /Japanese variant of 乘[cheng2]/
4253	乛	乛	 /variant of 乙[zhe2]/
4357	乣	乣	 /old variant of 糺[jiu3]/
4361	乨	乨	 /old variant of 始[shi3]/
4438	乾	乹	 /old variant of 乾[qian2]/
4439	干	乹	 /old variant of 乾|干[gan1]/
4524	乿	乿	 /old variant of 亂|乱[luan4]/
4525	乿	乿	 /old variant of 治[zhi4]/
4526	亀	亀	 /old variant of 龜|龟[gui1]/
4527	乾	亁	 /variant of 乾[qian2]/
4528	干	亁	 /variant of 乾|干[gan1]/
4606	亇	亇	 /variant of 個|个[ge4]/
4612	亊	亊	 /variant of 事[shi4]/
4911	亐	亐	 /old variant of 于[yu2]/
5170	亖	亖	 /old variant of 四[si4]/
5179	亜	亜	 /Japanese variant of 亞|亚/
5180	亝	亝	 /old variant of 齊|齐[qi2]/
5181	斋	亝	 /old variant of 齋|斋[zhai1]/
5634	享	亯	 /old variant of 享[xiang3]/
5635	夜	亱	 /variant of 夜[ye4]/
5641	廉	亷	 /old variant of 廉[lian2]/
6001	亼	亼	 /variant of 集[ji2]/
6002	亽	亽	 /old variant of 亼[ji2]/
6004	亡	亾	 /old variant of 亡[wang2]/
6152	仌	仌	 /old variant of 冰[bing1]/
6156	从	从	 /variant of 從|从[cong2]/
6157	仏	仏	 /Japanese variant of 佛/
6284	仚	仚	 /old variant of 仙[xian1]/
6285	仝	仝	 /variant of 同[tong2] (used as a surname and in given names)/
6553	仮	仮	 /Japanese variant of 假[jia3]/
6715	伇	伇	 /old variant of 役[yi4]/
6918	伕	伕	 /variant of 夫[fu1]/
6927	伜	伜	 /variant of 倅[cui4]/
6928	伝	伝	 /Japanese variant of 傳|传/
6932	伩	伩	 /variant of 信[xin4] (originally meant as part of the second round of simplified Chinese characters)/
6936	伯	伯	 /variant of 霸[ba4]/
6985	伱	伱	 /old variant of 你[ni3]/
6986	伲	伲	 /variant of 你[ni3]/
7080	似	佀	 /old variant of 似[si4]/
7291	占	佔	 /variant of 占[zhan4]/
7355	佚	佚	 /old variant of 迭[die2]/
7558	佱	佱	 /old variant of 法[fa3]/
7649	侂	侂	 /(literary) to entrust (variant of 託|托[tuo1])/
7657	侄	侄	 /variant of 姪|侄[zhi2]/
7759	侌	侌	 /old variant of 陰|阴[yin1]/
7883	価	価	 /Japanese variant of 價|价/
7884	侢	侢	 /old variant of 戴[dai4]/
7935	侽	侽	 /old variant of 男[nan2]/
8104	俯	俛	 /variant of 俯[fu3]/
8262	俞	俞	 /variant of 腧[shu4]/
8394	俤	俤	 /variant of 弟[di4]/
8507	效	俲	 /variant of 傚|效[xiao4]/
8522	备	俻	 /variant of 備|备[bei4]/
8535	倂	倂	 /variant of 併|并[bing4]/
8615	倏	倐	 /variant of 倏[shu1]/
8864	仿	倣	 /variant of 仿[fang3]/
8865	値	値	 /variant of 值[zhi2]/
8906	倮	倮	 /variant of 裸[luo3]/
8910	睬	倸	 /variant of 睬[cai3]/
8911	倹	倹	 /Japanese variant of 儉|俭[jian3]/
8929	倽	倽	 /old variant of 啥[sha2]/
8930	偁	偁	 /variant of 稱|称[cheng1]/
9155	侃	偘	 /old variant of 侃[kan3]/
9339	偰	偰	 /contract (variant of 契[qi4])/
9464	偸	偸	 /variant of 偷[tou1]/
9465	咱	偺	 /variant of 咱[zan2]/
9512	㐷	傌	 /variant of 罵|骂[ma4]/
9557	傓	傓	 /old variant of 煽[shan1]/
9605	效	傚	 /to imitate (variant of 效[xiao4])/
9978	僃	僃	 /old variant of 備|备[bei4]/
9989	仙	僊	 /variant of 仙[xian1]/
10025	伪	僞	 /variant of 偽|伪[wei3]/
10056	僮	僮	 /old variant of 壯|壮, Zhuang ethnic group of Guangxi/
10062	雇	僱	 /variant of 雇[gu4]/
10068	僴	僴	 /old variant of 僩[xian4]/
10132	俊	儁	 /variant of 俊[jun4]/
10160	儍	儍	 /variant of 傻[sha3]/
10190	儞	儞	 /old variant of 你[ni3]/
10284	倏	儵	 /variant of 倏[shu1]/
10847	免	免	 /old variant of 絻[wen4]/
10888	兔	兎	 /variant of 兔[tu4]/
10889	児	児	 /Japanese variant of 兒|儿[er2]/
10935	兘	兘	 /old variant of 始[shi3]/
10958	兜	兠	 /old variant of 兜[dou1]/
11548	兪	兪	 /variant of 俞[yu2]/
12129	兲	兲	 /variant of 天[tian1]/
12272	冉	冄	 /variant of 冉[ran3]/
12287	冋	冋	 /old variant of 坰[jiong1]/
12356	冒	冐	 /old variant of 冒[mao4]/
12357	冑	冑	 /variant of 胄[zhou4]/
12462	冡	冡	 /old variant of 蒙[meng2]/
12464	冣	冣	 /old variant of 聚[ju4]/
12465	最	冣	 /old variant of 最[zui4]/
12779	泯	冺	 /variant of 泯[min3]/
12783	凃	凃	 /old variant of 涂[tu2]/
12796	净	凈	 /variant of 淨|净[jing4]/
12895	凟	凟	 /variant of 瀆|渎[du2]/
12922	凡	凢	 /variant of 凡[fan2]/
12923	凥	凥	 /old variant of 居[ju1]/
12924	処	処	 /old variant of 處|处[chu3]/
12925	凮	凮	 /old variant of 風|风[feng1]/
12960	凭	凴	 /variant of 憑|凭[ping2]/
13865	刞	刞	 /old variant of 耝[qu4]/
13946	劫	刦	 /variant of 劫[jie2]/
13947	劫	刧	 /variant of 劫[jie2]/
14126	刱	刱	 /variant of 創|创[chuang1]/
14127	刱	刱	 /variant of 創|创[chuang4]/
14130	刴	刴	 /variant of 剁[duo4]/
14263	劫	刼	 /variant of 劫[jie2]/
14264	刾	刾	 /old variant of 刺[ci4]/
14311	剌	剌	 /variant of 拉[la2] (Note: 剌 was the character used prior to simplification and remains the standard in Taiwan, while in mainland China, 拉 has replaced 剌)/
14513	创	剏	 /variant of 創|创[chuang4]/
14537	刬	剗	 /variant of 鏟|铲[chan3]/
14538	创	剙	 /variant of 創|创[chuang4]/
14593	剣	剣	 /Japanese variant of 劍|剑/
14594	剤	剤	 /Japanese variant of 劑|剂/
14699	剰	剰	 /Japanese variant of 剩[sheng4]/
14727	札	剳	 /variant of 札[zha2]/
14839	札	劄	 /variant of 札[zha2]/
14962	劐	劐	 /(literary) variant of 穫|获[huo4]/
14970	剑	劒	 /variant of 劍|剑[jian4]/
15368	労	労	 /Japanese variant of 勞|劳/
15369	券	劵	 /variant of 券[quan4]/
15370	劵	劵	 /old variant of 倦[juan4]/
15371	效	効	 /variant of 效[xiao4]/
15417	勄	勄	 /old variant of 敏[min3]/
15418	敕	勅	 /variant of 敕[chi4]/
15433	勈	勈	 /old variant of 勇[yong3]/
15442	倦	勌	 /old variant of 倦[juan4]/
15449	敕	勑	 /variant of 敕[chi4]/
15474	勔	勔	 /variant of 勉[mian3]/
15735	𪟝	勣	 /merit; accomplishment (variant of 績|绩[ji4])/
15769	剿	勦	 /variant of 剿[chao1]/
15770	剿	勦	 /variant of 剿[jiao3]/
15771	勧	勧	 /Japanese variant of 勸|劝/
15776	勋	勲	 /variant of 勛|勋[xun1]/
15777	勋	勳	 /variant of 勛|勋[xun1]/
15811	勹	勹	 /old variant of 包[bao1]/
15866	丐	匃	 /variant of 丐[gai4]/
15867	丐	匄	 /variant of 丐[gai4]/
15999	匈	匈	 /old variant of 胸[xiong1]/
16005	匊	匊	 /variant of 掬[ju1]/
16015	匔	匔	 /old variant of 匑[gong1]/
16018	化	化	 /variant of 花[hua1]/
16311	匘	匘	 /old variant of 腦|脑[nao3]/
16320	匞	匞	 /old variant of 匠[jiang4]/
16321	炕	匟	 /old variant of 炕[kang4]/
16332	匧	匧	 /old variant of 篋|箧[qie4]/
16380	匮	匱	 /variant of 櫃|柜[gui4]/
16385	奁	匲	 /variant of 奩|奁[lian2]/
16386	奁	匳	 /variant of 奩|奁[lian2]/
16388	匵	匵	 /old variant of 櫝|椟[du2]/
16389	匶	匶	 /old variant of 柩[jiu4]/
16851	卋	卋	 /old variant of 世[shi4]/
16882	卒	卒	 /variant of 猝[cu4]/
17179	単	単	 /Japanese variant of 單|单/
17280	卛	卛	 /old variant of 率[lu:4]/
17281	卛	卛	 /old variant of 率[shuai4]/
17298	卝	卝	 /classical variant of 礦|矿[kuang4]/
17463	卪	卪	 /old variant of 節|节[jie2]/
17730	膝	厀	 /old variant of 膝[xi1]/
17754	厘	厘	 /variant of 釐|厘[li2]/
17926	厕	厠	 /variant of 廁|厕[ce4]/
17931	厪	厪	 /variant of 廑[qin2]/
17950	厮	厮	 /variant of 廝|厮[si1]/
17951	厰	厰	 /variant of 廠|厂[chang3]/
17960	厳	厳	 /Japanese variant of 嚴|严/
17962	厶	厶	 /old variant of 某[mou3]/
17963	厶	厶	 /old variant of 私[si1]/
17964	厷	厷	 /old variant of 肱[gong1]/
17965	厷	厷	 /old variant of 宏[hong2]/
17968	厺	厺	 /old variant of 去[qu4]/
18019	叁	叁	 /variant of 參|叁[san1]/
18090	叄	叄	 /variant of 參|叁[san1]/
18091	参	叅	 /old variant of 參|参[can1]/
18161	双	双	 /variant of 雙|双[shuang1]/
18409	収	収	 /variant of 收[shou1]/
18616	睿	叡	 /variant of 睿[rui4]/
18892	句	句	 /variant of 勾[gou1]/
18954	只	只	 /variant of 隻|只[zhi1]/
19427	吁	吁	 /variant of 籲|吁[yu4]/
19597	吅	吅	 /variant of 訟|讼[song4]/
19598	吅	吅	 /variant of 喧[xuan1]/
20318	吒	吒	 /variant of 咤[zha4]/
20324	咿	吚	 /variant of 咿[yi1]/
20566	呐	吶	 /sentence-final particle (abbr. for 呢啊[ne5 a5] or variant of 哪[na5])/
20701	吿	吿	 /variant of 告[gao4]/
20756	呉	呉	 /Japanese variant of 吳|吴[Wu2]/
20796	叫	呌	 /variant of 叫[jiao4]/
20799	呑	呑	 /variant of 吞[tun1]/
20802	呝	呝	 /old variant of 呃[e4]/
20913	咒	呪	 /variant of 咒[zhou4]/
20935	呲	呲	 /variant of 齜|龇[zi1]/
20954	呵	呵	 /variant of 啊[a1]/
21077	咀	咀	 /popular variant of 嘴[zui3]/
21095	和	咊	 /old variant of 和[he2]/
21307	咭	咭	 /variant of 嘰|叽[ji1]/
21325	笑	咲	 /old variant of 笑[xiao4]/
21358	咽	咽	 /variant of 嚥|咽[yan4]/
21750	咩	哶	 /old variant of 咩[mie1]/
21781	唃	唃	 /old variant of 唂[gu1]/
21815	唎	唎	 /variant of 哩[li5]/
21896	唣	唕	 /variant of 唣[zao4]/
21897	启	唘	 /variant of 啟|启[qi3]/
21910	吟	唫	 /old variant of 吟[yin2]/
21912	唫	唫	 /variant of 崟[yin2]/
22001	念	唸	 /variant of 念[nian4], to read aloud/
22187	喋	啑	 /old variant of 喋[die2]/
22188	启	啓	 /variant of 啟|启[qi3]/
22191	啖	啗	 /variant of 啖[dan4]/
22248	衔	啣	 /variant of 銜|衔[xian2]/
22277	啺	啺	 /old variant of 唐[tang2]/
22371	喆	喆	 /variant of 哲[zhe2] (used as a surname and in given names)/
22425	咱	喒	 /variant of 咱[zan2]/
22560	喩	喩	 /Japanese variant of 喻/
22604	吃	喫	 /variant of 吃[chi1]/
22813	喰	喰	 /old variant of 餐[can1]/
22824	営	営	 /Japanese variant of 營|营/
22836	啼	嗁	 /variant of 啼[ti2]/
22838	嗄	嗄	 /variant of 啊[a2]/
23092	嘎	嘠	 /old variant of 嘎[ga2]/
23112	嘫	嘫	 /old variant of 然[ran2]/
23183	嗥	嘷	 /variant of 嗥[hao2]/
23206	𫫇	噁	 /variant of 惡|恶[e4], used in names of chemical compounds/
23212	啖	噉	 /variant of 啖[dan4]/
23234	噛	噛	 /old variant of 嚙|啮[nie4]/
23406	嚉	嚉	 /old variant of 咄[duo1]/
23415	尝	嚐	 /to taste; to experience (variant of 嘗|尝[chang2])/
23419	嚔	嚔	 /variant of 嚏[ti4]/
23430	嚞	嚞	 /old variant of 哲[zhe2]/
23439	嚬	嚬	 /variant of 顰|颦[pin2]/
23564	囖	囖	 /erroneous variant of 囉|啰[luo5]/
23566	囘	囘	 /variant of 回[hui2]/
23567	因	囙	 /old variant of 因[yin1]/
23748	囝	囝	 /variant of 囡[nan1]/
23965	団	団	 /Japanese variant of 團|团/
23972	囦	囦	 /old variant of 淵|渊[yuan1]/
23975	囱	囪	 /variant of 窗[chuang1]/
23981	囬	囬	 /variant of 回[hui2]/
23983	囯	囯	 /variant of 國|国[guo2]/
23999	囲	囲	 /Japanese variant of 圍|围[wei2]/
24000	図	図	 /Japanese variant of 圖|图/
24001	囶	囶	 /old variant of 國|国[guo2]/
24003	囸	囸	 /old variant of 日[ri4]/
24047	囻	囻	 /old variant of 國|国[guo2]/
24049	圀	圀	 /old variant of 國|国[guo2]/
24054	函	圅	 /variant of 函[han2]/
24452	圏	圏	 /Japanese variant of 圈/
24769	圣	圣	 /old variant of 聖|圣[sheng4]/
24770	圧	圧	 /Japanese variant of 壓|压[ya1]/
24842	圫	圫	 /variant of 墺[ao4]/
25084	圱	圱	 /old variant of 俗[su2]/
25089	坂	坂	 /variant of 阪[ban3]/
25120	坈	坈	 /old variant of 坑[keng1]/
25246	坓	坓	 /variant of 阱[jing3]/
25247	坕	坕	 /old variant of 經|经[jing1]/
25292	坭	坭	 /variant of 泥[ni2]/
25305	丘	坵	 /hillock; mound (variant of 丘[qiu1])/
25313	附	坿	 /variant of 附[fu4]/
25380	垖	垖	 /old variant of 堆[dui1]/
25387	垛	垜	 /variant of 垛[duo3]/
25410	埀	埀	 /old variant of 垂[chui2]/
25480	埄	埄	 /variant of 埲[beng3]/
25486	埈	埈	 /variant of 峻[jun4]/
25577	埛	埛	 /old variant of 坰[jiong1]/
25578	野	埜	 /old variant of 野[ye3]/
25594	埦	埦	 /variant of 碗[wan3]/
25600	埰	埰	 /old variant of 采[cai4]/
25820	坤	堃	 /variant of 坤[kun1]/
25822	堃	堃	 /variant of 坤[kun1] (mainly used in given names)/
25898	塍	堘	 /variant of 塍[cheng2]/
25916	阶	堦	 /variant of 階|阶[jie1]/
26073	堿	堿	 /variant of 鹼|碱[jian3]/
26074	塁	塁	 /Japanese variant of 壘|垒/
26227	冢	塚	 /burial mound (variant of 冢[zhong3])/
26277	葬	塟	 /old variant of 葬[zang4]/
26278	塠	塠	 /old variant of 堆[dui1]/
26279	塡	塡	 /variant of 填[tian2]/
26286	塩	塩	 /Japanese variant of 鹽|盐/
26315	场	塲	 /variant of 場|场[chang2]/
26316	场	塲	 /variant of 場|场[chang3]/
26334	砖	塼	 /variant of 甎|砖[zhuan1]/
26401	塔	墖	 /old variant of 塔[ta3]/
26402	増	増	 /Japanese variant of 增[zeng1]/
26533	墩	墪	 /old variant of 墩[dun1]/
26534	墫	墫	 /old variant of 蹲[dun1]/
26535	墫	墫	 /old variant of 樽[zun1]/
26536	墬	墬	 /variant of 地[di4]/
26542	墰	墰	 /variant of 罈|坛[tan2]/
26553	墵	墵	 /old variant of 壜[tan2]/
26556	墙	墻	 /variant of 牆|墙[qiang2]/
26592	野	壄	 /erroneous variant of 野[ye3]/
26599	壊	壊	 /Japanese variant of 壞|坏[huai4]/
26601	壌	壌	 /Japanese variant of 壤[rang3]/
26677	壜	壜	 /variant of 罈|坛[tan2]/
26706	垅	壠	 /old variant of 壟|垄[long3]/
26707	壡	壡	 /variant of 睿[rui4]/
26768	壱	壱	 /Japanese variant of 壹[yi1]/
26769	売	売	 /Japanese variant of 賣|卖[mai4]/
26777	婿	壻	 /variant of 婿[xu4]/
26815	壿	壿	 /old variant of 蹲[cun2]/
26816	夀	夀	 /old variant of 壽|寿[shou4]/
26818	夅	夅	 /old variant of 降[jiang4]/
26819	夅	夅	 /old variant of 降[xiang2]/
26821	変	変	 /Japanese variant of 變|变[bian4]/
26874	夒	夒	 /a kind of gibbon (old variant of 猱[nao2])/
26875	夓	夓	 /old variant of 夏[xia4]/
27125	卯	夘	 /variant of 卯[mao3]/
27484	夣	夣	 /old variant of 夢|梦[meng4]/
29044	夯	夯	 /variant of 笨[ben4]/
29179	夶	夶	 /old variant of 比[bi3]/
29376	奌	奌	 /variant of 點|点[dian3]/
29409	奓	奓	 /old variant of 侈[chi3]/
29410	奓	奓	 /old variant of 奢[she1]/
29635	奨	奨	 /Japanese variant of 獎|奖[jiang3]/
29652	奬	奬	 /variant of 獎|奖[jiang3]/
29674	女	女	 /old variant of 汝[ru3]/
30125	妅	妅	 /old variant of 娂[hong2]/
30126	妉	妉	 /old variant of 媅[dan1]/
30222	妒	妬	 /variant of 妒[du4]/
30234	奶	妳	 /variant of 嬭|奶[nai3]/
30236	侄	妷	 /variant of 姪|侄[zhi2]/
30271	姊	姉	 /old variant of 姊[zi3]/
30371	妊	姙	 /variant of 妊[ren4]/
30382	姜	姜	 /variant of 薑|姜[jiang1]/
30409	姧	姧	 /variant of 姦|奸[jian1], adultery, villain/
30568	娒	娒	 /variant of 姆[mu3]/
30569	娒	娒	 /variant of 侮[wu3]/
30589	娚	娚	 /old variant of 喃[nan2]/
30613	娯	娯	 /Japanese variant of 娛|娱[yu2]/
30625	婀	娿	 /variant of 婀[e1]/
30666	婙	婙	 /old variant of 婧[jing4]/
30706	姻	婣	 /variant of 姻[yin1]/
30751	妇	媍	 /old variant of 婦|妇[fu4]/
30783	媠	媠	 /old variant of 惰[duo4]/
30821	愧	媿	 /old variant of 愧[kui4]/
30908	嫮	嫮	 /old variant of 嫭[hu4]/
30909	嫩	嫰	 /old variant of 嫩[nen4]/
30912	娴	嫺	 /variant of 嫻|娴[xian2]/
30920	妫	嬀	 /variant of 媯|妫[Gui1]/
30970	嬛	嬛	 /variant of 煢|茕[qiong2]/
30974	嬢	嬢	 /Japanese variant of 孃|娘[niang2]/
31001	嬹	嬹	 /old variant of 興|兴[xing4]/
31002	懒	嬾	 /variant of 懶|懒[lan3]/
31009	娘	孃	 /variant of 娘[niang2]/
31010	孄	孄	 /old variant of 懶|懒[lan3]/
31016	孏	孏	 /old variant of 懶|懒[lan3]/
31484	孶	孶	 /old variant of 孳[zi1]/
31591	孽	孼	 /variant of 孽[nie4]/
31606	冗	宂	 /variant of 冗[rong3]/
31975	宊	宊	 /old variant of 家[jia1]/
31976	宊	宊	 /variant of 突/
32048	宍	宍	 /old variant of 肉[rou4]/
32358	実	実	 /Japanese variant of 實|实/
32495	宨	宨	 /variant of 窕[tiao3]/
32496	宩	宩	 /old variant of 屎[shi3]/
32748	寇	宼	 /old variant of 寇[kou4]/
32809	冤	寃	 /old variant of 冤[yuan1]/
33046	寝	寑	 /old variant of 寢|寝[qin3]/
33096	宁	寕	 /old variant of 寧|宁[ning4]/
33097	寖	寖	 /old variant of 浸[jin4]/
33098	寗	寗	 /old variant of 甯|宁[ning2]/
33101	寛	寛	 /Japanese variant of 寬|宽/
33484	宝	寳	 /variant of 寶|宝[bao3]/
33588	対	対	 /Japanese variant of 對|对[dui4]/
33662	専	専	 /Japanese variant of 專|专/
33696	克	尅	 /variant of 剋|克[ke4]/
34700	尔	尒	 /variant of 爾|尔[er3]/
34701	尓	尓	 /variant of 爾|尔[er3]/
34772	鲜	尟	 /variant of 鮮|鲜[xian3]/
34773	鲜	尠	 /variant of 尟|鲜[xian3]/
34802	尩	尩	 /variant of 尪[wang1]/
34809	尭	尭	 /Japanese variant of 堯|尧[yao2]/
34854	尲	尲	 /variant of 尷|尴[gan1]/
34855	尶	尶	 /old variant of 尷|尴[gan1]/
35204	屃	屓	 /variant of 屭|屃[xi4]/
35247	屛	屛	 /variant of 屏[ping2]/
35325	屫	屫	 /old variant of 屩[jue1]/
35557	岀	岀	 /old variant of 出[chu1]/
35558	坂	岅	 /variant of 阪[ban3]/
35566	岐	岐	 /variant of 歧[qi2]/
35680	岹	岹	 /variant of 岧[tiao2]/
35681	峀	峀	 /old variant of 岫[xiu4]/
35702	峒	峝	 /variant of 峒[tong2]/
35722	峨	峩	 /variant of 峨[e2]/
35726	峰	峯	 /variant of 峰[feng1]/
35803	崏	崏	 /old variant of 岷[min2]/
35804	昆	崐	 /variant of 崑|昆[kun1]/
35817	崓	崓	 /variant of 崮[gu4]/
35844	岗	崗	 /variant of 岡|冈 [gang1]/
35859	仑	崘	 /variant of 崙|仑[lun2]/
35877	崧	崧	 /variant of 嵩[song1]/
35899	崯	崯	 /variant of 崟[yin2]/
35936	岩	嵒	 /variant of 巖|岩[yan2]/
35961	崭	嶃	 /variant of 嶄|崭[chan2]/
35962	崭	嶃	 /variant of 嶄|崭[zhan3]/
35963	崭	嶄	 /variant of 巉[chan2]/
35979	嶖	嶖	 /old variant of 崦[yan1]/
35997	嶫	嶫	 /variant of 嶪[ye4]/
36001	嶲	嶲	 /old variant of 巂[xi1]/
36026	巌	巌	 /Japanese variant of 巖|岩[yan2]/
36038	岩	巖	 /variant of 岩[yan2]/
36042	岩	巗	 /variant of 巖|岩[yan2]/
36044	巚	巚	 /variant of 巘|𪩘[yan3]/
36045	巛	巛	 /old variant of 川[chuan1]/
36046	巜	巜	 /old variant of 澮|浍[kuai4]/
36113	巣	巣	 /Japanese variant of 巢/
36114	巤	巤	 /old variant of 鬣[lie4]/
36710	卮	巵	 /old variant of 卮[zhi1]/
36717	巻	巻	 /Japanese variant of 卷[juan3]/
36725	巿	巿	 /(literary) variant of 韍|韨[fu2]/
36726	匝	帀	 /variant of 匝[za1]/
36945	纸	帋	 /variant of 紙|纸[zhi3]/
37124	裙	帬	 /old variant of 裙[qun2]/
37136	帯	帯	 /Japanese variant of 帶|带/
37137	帰	帰	 /Japanese variant of 歸|归/
37138	帲	帲	 /variant of 帡[ping2]/
37284	帺	帺	 /variant of 綥[qi2]/
37307	帮	幇	 /old variant of 幫|帮[bang1]/
37308	幈	幈	 /variant of 屏[ping2]/
37313	徽	幑	 /old variant of 徽[hui1]/
37330	帮	幚	 /old variant of 幫|帮[bang1]/
37941	庁	庁	 /Japanese variant of 廳|厅/
37942	広	広	 /Japanese variant of 廣|广/
37943	庄	庄	 /variant of 莊|庄[zhuang1]/
37944	庅	庅	 /variant of 麼|么[me5]/
37945	庅	庅	 /variant of 麼|麽[mo2]/
37989	庒	庒	 /old variant of 莊|庄[zhuang1]/
38241	庶	庻	 /old variant of 庶[shu4]/
38242	寓	庽	 /variant of 寓[yu4]/
38245	庿	庿	 /variant of 廟|庙[miao4]/
38246	廀	廀	 /old variant of 廋[sou1]/
38257	廃	廃	 /Japanese variant of 廢|废[fei4]/
38290	廏	廏	 /variant of 廄|厩[jiu4]/
38291	厩	廐	 /variant of 廄|厩[jiu4]/
38293	廑	廑	 /variant of 勤[qin2]/
38297	荫	廕	 /variant of 蔭|荫[yin4], shade/
38349	庑	廡	 /variant of 蕪|芜[wu2]/
38525	巡	廵	 /variant of 巡[xun2]/
38588	廸	廸	 /variant of 迪[di2]/
38659	廻	廻	 /variant of 迴|回[hui2]/
38660	乃	廼	 /variant of 乃[nai3]/
38717	弌	弌	 /archaic variant of 一[yi1]/
38718	弍	弍	 /archaic variant of 貳|贰, banker's anti-fraud numeral two/
38719	弎	弎	 /archaic variant of 參|叁, banker's anti-fraud numeral three/
38724	弐	弐	 /Japanese variant of 貳|贰[er4]/
38900	弟	弟	 /variant of 悌[ti4]/
38944	弮	弮	 /variant of 卷[juan4], curled up scroll/
39179	弾	弾	 /Japanese variant of 彈|弹/
39255	彉	彉	 /variant of 彍|𭚦[guo1]/
39256	强	彊	 /variant of 強|强[jiang4]/
39257	强	彊	 /variant of 強|强[qiang2]/
39258	强	彊	 /variant of 強|强[qiang3]/
39306	彑	彑	 /variant of 彐[ji4]/
39324	彛	彛	 /variant of 彝[yi2]/
39447	雕	彫	 /variant of 雕[diao1], to engrave/
39531	彨	彲	 /variant of 螭[chi1]/
39629	往	徃	 /old variant of 往[wang3]/
39905	従	従	 /old variant of 從|从[cong2]/
40089	遍	徧	 /variant of 遍[bian4]/
40300	徳	徳	 /Japanese variant of 德[de2]/
40301	徴	徴	 /Japanese variant of 徵|征/
40474	忂	忂	 /old variant of 躣[qu2]/
40870	忛	忛	 /erroneous variant of 帆[fan1]/
40871	応	応	 /Japanese variant of 應|应/
40874	忞	忞	 /ancient variant of 暋[min3]/
40979	忬	忬	 /old variant of 豫[yu4]/
40984	忲	忲	 /variant of 忕[tai4]/
41412	匆	怱	 /variant of 匆[cong1]/
41414	恍	怳	 /variant of 恍[huang3]/
41423	恁	恁	 /old variant of 您[nin2]/
41512	恒	恒	 /variant of 恆|恒[heng2]/
41529	怪	恠	 /variant of 怪[guai4]/
41530	吝	恡	 /variant of 吝[lin4]/
41686	恵	恵	 /Japanese variant of 惠[hui4]/
41728	悑	悑	 /old variant of 怖[bu4]/
41796	匆	悤	 /variant of 匆[cong1]/
41800	悩	悩	 /Japanese variant of 惱|恼/
41801	悪	悪	 /Japanese variant of 惡|恶[e4]/
41846	德	悳	 /variant of 德[de2]/
41994	婪	惏	 /old variant of 婪[lan2]/
41998	惒	惒	 /old variant of 和[he2]/
42163	恿	惥	 /old variant of 恿[yong3]/
42167	德	惪	 /variant of 德[de2]/
42221	惸	惸	 /variant of 煢|茕[qiong2]/
42282	愍	愍	 /variant of 憫|悯[min3]/
42355	愑	愑	 /variant of 悀[yong3]/
42361	恪	愙	 /variant of 恪[ke4]/
42617	诉	愬	 /variant of 訴|诉[su4]/
42620	愯	愯	 /old variant of 悚[song3]/
42627	愼	愼	 /variant of 慎[shen4]/
42628	博	愽	 /old variant of 博[bo2]/
42632	恿	慂	 /old variant of 恿[yong3]/
42742	惭	慙	 /variant of 慚|惭[can2]/
42817	怂	慫	 /variant of 㞞|𪨊[song2]/
42870	戚	慽	 /variant of 慼|戚[qi1]/
42876	慿	慿	 /old variant of 憑|凭[ping2]/
42894	憩	憇	 /variant of 憩[qi4]/
42953	憙	憙	 /variant of 喜[xi3]/
43149	懐	懐	 /Japanese variant of 懷|怀[huai2]/
43168	懱	懱	 /variant of 蔑[mie4]/
43293	欢	懽	 /variant of 歡|欢[huan1]/
43350	戉	戉	 /variant of 鉞|钺[yue4]/
43628	戝	戝	 /old variant of 賊|贼[zei2]/
43629	戛	戞	 /variant of 戛[jia2]/
43638	戦	戦	 /Japanese variant of 戰|战/
43673	戏	戯	 /variant of 戲|戏[xi4]/
43755	戱	戱	 /variant of 戲|戏[xi4]/
43851	戸	戸	 /variant of 戶|户[hu4]/
43852	厄	戹	 /variant of 厄[e4]/
43854	戻	戻	 /Japanese variant of 戾[li4]/
43855	卯	戼	 /old variant of 卯[mao3]/
44582	払	払	 /Japanese variant of 拂[fu2]/
44583	扗	扗	 /old variant of 在[zai4]/
44645	捍	扞	 /variant of 捍[han4]/
44733	扳	扳	 /variant of 攀[pan1]/
45355	抜	抜	 /Japanese variant of 拔[ba2]/
45356	拗	抝	 /variant of 拗[ao4]/
45357	択	択	 /Japanese variant of 擇|择/
45572	拂	拂	 /old variant of 弼[bi4]/
45889	拿	拏	 /variant of 拿[na2]/
45979	拖	拕	 /variant of 拖[tuo1]/
46091	拚	拚	 /variant of 拼[pin1]/
46228	拝	拝	 /Japanese variant of 拜[bai4]/
46229	拠	拠	 /Japanese variant of 據|据/
46230	拡	拡	 /Japanese variant of 擴|扩/
46232	拪	拪	 /old variant of 遷|迁[qian1]/
46365	拽	拽	 /variant of 曳[ye4]/
46611	挊	挊	 /old variant of 弄[nong4]/
46666	挔	挔	 /erroneous variant of 旅[lu : 3]/
46690	挙	挙	 /Japanese variant of 舉|举/
46763	挲	挱	 /variant of 挲[suo1]/
46766	弄	挵	 /old variant of 弄[nong4]/
46801	挟	挾	 /old variant of 夾|夹[jia1]/
46810	挿	挿	 /Japanese variant of 插[cha1]/
46815	救	捄	 /variant of 救[jiu4]/
46890	捓	捓	 /old variant of 揶[ye2]/
46916	捙	捙	 /erroneous variant of 拽[ye4]/
46917	捜	捜	 /Japanese variant of 搜[sou1]/
46962	据	据	 /variant of 據|据[ju4]/
46965	捱	捱	 /variant of 挨[ai2]/
47772	掱	掱	 /variant of 扒[pa2] in 扒手[pa2 shou3]/
47773	掱	掱	 /variant of 手[shou3] in 扒手[pa2 shou3]/
47774	掲	掲	 /Japanese variant of 揭/
47775	碰	掽	 /variant of 碰[peng4]/
47788	揅	揅	 /(literary) variant of 研[yan2]/
47932	捏	揑	 /variant of 捏[nie1]/
48073	揦	揦	 /old variant of 攋[la4]/
48170	插	揷	 /old variant of 插[cha1]/
48172	背	揹	 /variant of 背[bei1]/
48174	揺	揺	 /Japanese variant of 搖|摇[yao2]/
48177	揿	搇	 /variant of 撳|揿[qin4]/
48339	扼	搤	 /variant of 扼[e4]/
48340	捶	搥	 /variant of 捶[chui2]/
48343	搧	搧	 /variant of 扇[shan1]/
48427	掏	搯	 /variant of 掏[tao1]/
48483	扛	摃	 /old variant of 扛[gang1]/
48485	摏	摏	 /variant of 舂[chong1]/
48636	摸	摸	 /variant of 摹[mo2]/
48682	摿	摿	 /erroneous variant of 搖|摇[yao2]/
48688	撃	撃	 /Japanese variant of 擊|击[ji1]/
48691	撆	撆	 /variant of 撇[pie1]/
48843	操	撡	 /old variant of 操[cao1]/
49116	操	操	 /variant of 肏[cao4]/
49192	携	擕	 /old variant of 攜|携[xie2]/
49253	抬	擡	 /variant of 抬[tai2]/
49261	擥	擥	 /variant of 攬|揽[lan3]/
49293	举	擧	 /variant of 舉|举[ju3]/
49294	擨	擨	 /old variant of 揶[ye2]/
49461	攂	攂	 /to beat (old variant of 擂[lei2])/
49467	攈	攈	 /old variant of 捃[jun4]/
49477	攓	攓	 /variant of 搴[qian1], to seize/
49553	攟	攟	 /old variant of 捃[jun4]/
49588	挡	攩	 /variant of 擋|挡[dang3]/
49681	攵	攵	 /variant of 攴[pu1]/
49919	攼	攼	 /old variant of 捍[han4]/
49920	攽	攽	 /variant of 頒|颁[ban1]/
50226	叙	敍	 /variant of 敘|叙[xu4]/
50227	敎	敎	 /variant of 教[jiao4]/
50283	敚	敓	 /old variant of 奪|夺[duo2]/
50289	敖	敖	 /variant of 遨[ao2]/
50609	扬	敭	 /variant of 揚|扬[yang2]/
50872	驱	敺	 /variant of 驅|驱[qu1]/
50874	敽	敽	 /old variant of 敿[jiao3]/
50878	敛	斂	 /variant of 殮|殓[lian4]/
51075	斈	斈	 /variant of 學|学[xue2]/
51076	斉	斉	 /old variant of 齊|齐[qi2]/
51077	斌	斌	 /variant of 彬[bin1]/
51078	斎	斎	 /Japanese variant of 齋|斋[zhai1]/
51152	斔	斔	 /old variant of 斞[yu3]/
51203	斚	斚	 /variant of 斝[jia3]/
51697	斫	斵	 /variant of 斲|斫[zhuo2]/
51957	旄	旄	 /variant of 耄[mao4]/
52002	旊	旊	 /variant of 瓬[fang3]/
52119	旣	旣	 /variant of 既[ji4]/
52120	祸	旤	 /old variant of 禍|祸[huo4]/
52367	旪	旪	 /old variant of 協|协[xie2]/
52403	时	旹	 /old variant of 時|时[shi2]/
52419	春	旾	 /old variant of 春[chun1]/
52724	慎	昚	 /old variant of 慎[shen4]/
52725	昜	昜	 /old variant of 陽|阳[yang2]/
52727	昞	昞	 /variant of 炳[bing3]/
52909	昦	昦	 /variant of 昊[hao4]/
52925	昏	昬	 /old variant of 昏[hun1]/
52967	是	昰	 /variant of 是[shi4]/
52975	昵	昵	 /variant of 暱|昵[ni4]/
52980	昻	昻	 /variant of 昂[ang2]/
53102	晄	晄	 /old variant of 晃[huang3]/
53140	晒	晒	 /variant of 曬|晒[shai4]/
53191	晥	晥	 /old variant of 皖[Wan3]/
53209	晩	晩	 /variant of 晚[wan3]/
53388	晰	晳	 /variant of 晰[xi1]/
53389	晳	晳	 /variant of 皙[xi1]/
53461	暗	晻	 /variant of 暗[an4]/
53469	暁	暁	 /Japanese variant of 曉|晓/
53504	映	暎	 /old variant of 映[ying4]/
53516	暒	暒	 /old variant of 晴[qing2]/
53644	暜	暜	 /old variant of 普[pu3]/
53646	暞	暞	 /old variant of 曒[jiao3]/
53648	皓	暠	 /variant of 皓[hao4]/
53667	暦	暦	 /Japanese variant of 曆|历[li4]/
53702	暴	暴	 /variant of 曝[pu4]/
53802	曐	曐	 /old variant of 星[xing1]/
53804	曒	曒	 /old variant of 皦[jiao3]/
53805	曓	曓	 /old variant of 暴[bao4]/
53843	叠	曡	 /variant of 疊|叠[die2]/
54079	曻	曻	 /variant of 昇|升[sheng1]/
54107	曽	曽	 /Japanese variant of 曾[ceng2]/
54836	朙	朙	 /old variant of 明[ming2]/
55187	末	末	 /variant of 麼|么[me5]/
55362	朮	朮	 /variant of 術|术[shu4]/
55363	朮	朮	 /variant of 術|术[zhu2]/
55427	朵	朶	 /variant of 朵[duo3]/
55635	杓	杓	 /ladle (variant of 勺[shao2])/
55737	杠	杠	 /variant of 槓|杠[gang4]/
55766	杰	杰	 /variant of 傑|杰[jie2]/
56176	楠	枏	 /variant of 楠[nan2]/
56397	枱	枱	 /old variant of 檯|台[tai2]/
56563	柜	柜	 /variant of 櫃|柜[gui4]/
56572	楠	柟	 /variant of 楠[nan2]/
56578	查	查	 /variant of 楂[zha1]/
56766	柿	柹	 /old variant of 柿[shi4]/
56767	拐	柺	 /variant of 枴|拐[guai3]/
56768	査	査	 /Japanese variant of 查/
56774	柳	栁	 /old variant of 柳[liu3]/
56776	栄	栄	 /Japanese variant of 榮|荣[rong2]/
56871	柏	栢	 /variant of 柏[bai3]/
56886	筏	栰	 /variant of 筏[fa2]/
57303	桑	桒	 /old variant of 桑[sang1]/
57313	桔	桔	 /variant of 橘[ju2]/
57318	桚	桚	 /old variant of 拶[zan3]/
57319	桜	桜	 /Japanese variant of 櫻|樱[ying1]/
57320	桟	桟	 /Japanese variant of 棧|栈[zhan4]/
57324	杯	桮	 /variant of 杯[bei1]/
57336	柳	桺	 /old variant of 柳[liu3]/
57489	梥	梥	 /old variant of 松[song1]/
57569	梸	梸	 /old variant of 梨[li2]/
57570	梹	梹	 /variant of 檳|槟[bing1]/
57572	棃	棃	 /variant of 梨[li2], pear/
57625	棋	棊	 /variant of 棋[qi2]/
57845	棹	棹	 /variant of 桌[zhuo1]/
57854	碗	椀	 /variant of 碗[wan3]/
57864	乘	椉	 /old variant of 乘[cheng2]/
57912	碇	椗	 /variant of 碇[ding4]/
57913	検	検	 /Japanese variant of 檢|检/
57914	椝	椝	 /nonstandard simplified variant of 槼|规[gui1]/
57941	棕	椶	 /variant of 棕[zong1]/
57944	椹	椹	 /variant of 葚[shen4]/
57947	笺	椾	 /variant of 箋|笺[jian1]/
58002	楍	楍	 /old variant of 本[ben3]/
58043	楞	楞	 /variant of 愣[leng4]/
58103	梅	楳	 /variant of 梅[mei2]/
58170	楻	楻	 /variant of 艎[huang2]/
58171	楽	楽	 /Japanese variant of 樂|乐[le4]/
58172	楽	楽	 /Japanese variant of 樂|乐[yue4]/
58230	矩	榘	 /variant of 矩[ju3]/
58246	榜	榜	 /variant of 搒[peng2]/
58411	梅	槑	 /old variant of 梅[mei2]/
58412	槑	槑	 /(Internet slang) emphatic variant of 呆[dai1]/
58426	桌	槕	 /old variant of 桌[zhuo1]/
58427	槖	槖	 /variant of 橐[tuo2]/
58428	様	様	 /Japanese variant of 樣|样/
58438	概	槩	 /old variant of 概[gai4]/
58439	槪	槪	 /variant of 概[gai4]/
58456	槹	槹	 /variant of 槔[gao1]/
58459	规	槼	 /variant of 規|规[gui1]/
58590	橹	樐	 /old variant of 櫓|橹[lu3]/
58591	梁	樑	 /variant of 梁[liang2]/
58788	権	権	 /old variant of 權|权[quan2]/
58867	樻	樻	 /old variant of 櫃|柜[gui4]/
58884	橆	橆	 /variant of 無|无[wu2]/
58889	橊	橊	 /old variant of 榴[liu2]/
58953	橛	橜	 /old variant of 橛[jue2]/
59079	蕊	橤	 /variant of 蕊[rui3]/
59198	橾	橾	 /old variant of 鍬|锹[qiao1]/
59223	档	檔	 /(Tw) gear (variant of 擋|挡[dang3])/
59243	楫	檝	 /variant of 楫[ji2]/
59290	檥	檥	 /variant of 艤|舣[yi3]/
59292	檪	檪	 /old variant of 櫟|栎[li4]/
59320	檵	檵	 /variant of 杞[qi3], wolfberry shrub (Lycium chinense)/
59349	凳	櫈	 /variant of 凳[deng4]/
59365	櫡	櫡	 /variant of 箸[zhu4]/
59375	櫱	櫱	 /variant of 蘖[nie4]/
59448	欎	欎	 /old variant of 鬱|郁[yu4]/
59462	郁	欝	 /variant of 鬱|郁[yu4]/
59463	棂	欞	 /variant of 櫺|棂[ling2]/
59533	欱	欱	 /variant of 喝[he1]/
59697	叹	歎	 /variant of 嘆|叹[tan4]/
59795	歓	歓	 /old variant of 歡|欢[huan1]/
59797	歕	歕	 /old variant of 噴|喷[pen1]/
59798	歗	歗	 /old variant of 嘯|啸[xiao4]/
59799	歘	歘	 /variant of 欻[xu1]/
59803	歛	歛	 /variant of 斂|敛[lian3]/
60266	歨	歨	 /old variant of 步[bu4]/
60267	歩	歩	 /old variant of 步[bu4]/
60285	歮	歮	 /old variant of 澀|涩[se4]/
60286	歯	歯	 /Japanese variant of 齒|齿/
60287	歰	歰	 /old variant of 澀|涩[se4]/
60312	歳	歳	 /Japanese variant of 歲|岁/
60313	历	歴	 /old variant of 歷|历[li4]/
60438	歺	歺	 /old variant of 歹[dai3]/
60562	夭	殀	 /(bound form) to die prematurely (also pr. [yao3]) (variant of 夭[yao1])/
60668	殠	殠	 /variant of 臭[chou4]/
60673	㱮	殨	 /to fester; to ulcerate (old variant of 潰|溃[hui4])/
60683	僵	殭	 /variant of 僵[jiang1]/
60729	殸	殸	 /variant of 磬[qing4]/
60806	壳	殻	 /variant of 殼|壳[qiao4]/
60816	淆	殽	 /variant of 淆[xiao2]/
60817	肴	殽	 /variant of 肴[yao2]/
60851	毉	毉	 /variant of 醫|医[yi1]/
60857	毌	毌	 /old variant of 貫|贯[guan4]/
60907	毎	毎	 /Japanese variant of 每/
60989	比	比	 /euphemistic variant of 屄[bi1]/
61103	毗	毘	 /variant of 毗[pi2]/
61236	球	毬	 /ball used for playing games (variant of 球[qiu2])/
61240	毴	毴	 /old variant of 屄[bi1]/
61258	毡	氊	 /variant of 氈|毡[zhan1]/
61394	気	気	 /Japanese variant of 氣|气/
61402	氜	氜	 /old variant of 陽|阳[yang2]/
61987	冰	氷	 /variant of 冰[bing1]/
62093	氹	氹	 /variant of 凼[dang4]/
62095	氺	氺	 /old variant of 水[shui3]/
62096	氼	氼	 /old variant of 溺[ni4]/
62101	泛	氾	 /variant of 泛[fan4]/
62166	汅	汅	 /old variant of 沔[mian3]/
62172	泛	汎	 /variant of 泛[fan4]/
62213	污	汙	 /variant of 污[wu1]/
62215	污	汚	 /variant of 污[wu1]/
62534	沇	沇	 /old variant of 兗|兖[yan3]/
62536	沉	沈	 /variant of 沉[chen2]/
62906	沢	沢	 /Japanese variant of 澤|泽/
63192	泄	泄	 /variant of 洩|泄[xie4]/
63207	泈	泈	 /old variant of 汷[Zhong1]/
63440	泝	泝	 /variant of 溯[su4]/
63804	洇	洇	 /variant of 湮[yan1]/
64282	洼	洼	 /variant of 窪|洼[wa1]/
64468	浄	浄	 /Japanese variant of 淨|净/
64996	涂	涂	 /variant of 途[tu2]/
65148	涌	涌	 /variant of 湧|涌[yong3]/
65173	莅	涖	 /variant of 蒞|莅[li4], to attend/
65175	涙	涙	 /Japanese variant of 淚|泪[lei4]/
65226	涶	涶	 /variant of 唾[tuo4]/
65373	浙	淛	 /variant of 浙[Zhe4]/
65377	淞	淞	 /variant of 凇[song1]/
65451	淩	淩	 /variant of 凌[ling2]/
65731	淸	淸	 /variant of 清[qing1]/
65972	渇	渇	 /Japanese variant of 渴/
65973	済	済	 /Japanese variant of 濟|济/
65974	渉	渉	 /Japanese variant of 涉[she4]/
65975	渋	渋	 /Japanese variant of 澀|涩[se4]/
65976	渓	渓	 /Japanese variant of 溪[xi1]/
65977	渕	渕	 /variant of 淵|渊[yuan1]/
65978	渖	渖	 /old variant of 瀋|沈[shen3]/
66295	湌	湌	 /variant of 餐[can1]/
66393	湮	湮	 /variant of 洇[yin1]/
66449	淳	湻	 /old variant of 淳[chun2]/
66450	涅	湼	 /variant of 涅[nie4]/
66451	満	満	 /Japanese variant of 滿|满/
66698	溺	溺	 /variant of 尿[niao4]/
66706	湿	溼	 /variant of 濕|湿[shi1]/
66878	汇	滙	 /variant of 匯|汇[hui4]/
66879	淫	滛	 /variant of 淫[yin2]/
66880	滝	滝	 /Japanese variant of 瀧|泷[long2]/
67175	漄	漄	 /old variant of 涯[ya2]/
67276	漡	漡	 /old variant of 湯|汤[shang1]/
67369	漥	漥	 /variant of 窪|洼[wa1]/
67471	浆	漿	 /variant of 糨[jiang4]/
67488	潃	潃	 /old variant of 滫[xiu3]/
67489	漱	潄	 /variant of 漱[shu4]/
67693	潵	潵	 /old variant of 撒[sa3]/
67711	涩	澁	 /old variant of 澀|涩[se4]/
67712	澄	澂	 /variant of 澄[cheng2]/
67764	澙	澙	 /variant of 潟[xi4]/
67765	澟	澟	 /old variant of 凜|凛[lin3]/
67778	浣	澣	 /variant of 浣[huan4]/
68022	浚	濬	 /variant of 浚[jun4]/
68027	濯	濯	 /variant of 櫂|棹[zhao4]/
68056	阔	濶	 /variant of 闊|阔[kuo4]/
68088	濿	濿	 /variant of 砅[li4]/
68124	瀒	瀒	 /variant of 濇[se4]/
68176	瀬	瀬	 /Japanese variant of 瀨|濑/
68250	灠	灠	 /variant of 漤[lan3]/
68251	灠	灠	 /variant of 濫|滥[lan4]/
68268	赣	灨	 /variant of 贛|赣[Gan4]/
68433	灮	灮	 /old variant of 光[guang1]/
68582	炁	炁	 /(Daoism) Qi; vital force; life force (variant of 氣|气[qi4])/
68608	炏	炏	 /old variant of 炎[yan2]/
68639	炗	炗	 /old variant of 光[guang1]/
68696	炲	炲	 /variant of 炱[tai2]/
68808	烉	烉	 /old variant of 煥|焕[huan4]/
68960	烕	烕	 /old variant of 滅|灭[mie4]/
68961	灾	烖	 /variant of 災|灾[zai1]/
69020	炯	烱	 /old variant of 炯[jiong3]/
69051	焈	焈	 /old variant of 熙[xi1]/
69073	焔	焔	 /old variant of 焰[yan4]/
69554	焱	焱	 /variant of 焰[yan4]/
69555	焴	焴	 /old variant of 煜[yu4]/
69563	焼	焼	 /old variant of 燒|烧[shao1]/
69564	焿	焿	 /variant of 羹[geng1], used in restaurants and night markets in Taiwan/
69596	煊	煊	 /variant of 暄[xuan1]/
69617	煮	煑	 /variant of 煮[zhu3]/
69620	煕	煕	 /old variant of 熙/
69621	暖	煖	 /variant of 暖[nuan3]/
69622	暖	煗	 /variant of 暖[nuan3], warm/
69847	煰	煰	 /dry (old variant of 燥[zao4])/
69871	煴	熅	 /variant of 熨[yun4]/
69873	熙	熈	 /variant of 熙[xi1]/
70170	熴	熴	 /variant of 焜[kun1]/
70213	焰	燄	 /variant of 焰[yan4]/
70214	燇	燇	 /old variant of 焌[jun4]/
70267	磷	燐	 /variant of 磷[lin2]/
70351	燗	燗	 /old variant of 爛|烂[lan4]/
70440	燰	燰	 /old variant of 煨[wei1]/
70446	熏	燻	 /variant of 熏[xun1]/
70510	爊	爊	 /variant of 熬[ao1]/
70534	燮	爕	 /old variant of 燮[xie4]/
70535	烨	爗	 /variant of 燁|烨[ye4]/
70566	爤	爤	 /old variant of 爛|烂[lan4]/
70567	爥	爥	 /old variant of 燭|烛[zhu2]/
70651	爯	爯	 /old variant of 稱|称[chen4]/
70652	爯	爯	 /old variant of 稱|称[cheng1]/
70655	为	爲	 /variant of 為|为[wei2]/
70656	为	爲	 /variant of 為|为[wei4]/
70734	床	牀	 /variant of 床[chuang2]/
70793	笺	牋	 /variant of 箋|笺[jian1]/
70809	窗	牎	 /old variant of 窗[chuang1]/
70814	榜	牓	 /variant of 榜[bang3]/
70815	窗	牕	 /variant of 窗[chuang1]/
70875	牚	牚	 /variant of 撐|撑[cheng1]/
71342	奔	犇	 /variant of 奔[ben1]/
71362	犟	犟	 /variant of 強|强[jiang4]/
71365	犠	犠	 /Japanese variant of 犧|牺/
71377	犫	犫	 /old variant of 犨[chou1]/
71393	犮	犮	 /old variant of 拔[ba2]/
71394	犮	犮	 /old variant of 犬[quan3]/
71612	徇	狥	 /variant of 徇[xun4]/
71671	悍	猂	 /variant of 悍[han4]/
71748	猟	猟	 /Japanese variant of 獵|猎/
71757	猿	猨	 /variant of 猿[yuan2]/
71856	嗥	獋	 /old variant of 嗥[hao2]/
71878	獏	獏	 /variant of 貘[mo4]/
71891	獞	獞	 /old variant of 壯|壮, Zhuang ethnic group of Guangxi/
71896	獣	獣	 /Japanese variant of 獸|兽/
72025	㺍	獱	 /old variant of 猵[bian1]/
72130	𤞤	玁	 /variant of 獫|猃[xian3]/
72162	妙	玅	 /variant of 妙[miao4]/
72365	玍	玍	 /variant of 嘎[ga3]/
72380	玡	玡	 /variant of 琊[ya2]/
72533	珍	珎	 /variant of 珍[zhen1]/
72579	珡	珡	 /variant of 琴[qin2], guqin or zither/
72586	珪	珪	 /variant of 圭[gui1]/
72643	珳	珳	 /old variant of 玟[wen2]/
72649	珻	珻	 /old variant of 玫[mei2]/
72890	琝	琝	 /old variant of 玟[min2]/
72944	琴	琹	 /variant of 琴[qin2], guqin or zither/
72956	玳	瑇	 /variant of 玳[dai4]/
72957	瑉	瑉	 /variant of 珉[min2]/
73021	琉	瑠	 /old variant of 琉[liu2]/
73088	琅	瑯	 /variant of 琅[lang2]/
73103	瑻	瑻	 /old variant of 琨[kun1]/
73127	璝	璝	 /variant of 瑰[gui1]/
73132	琉	璢	 /old variant of 琉[liu2]/
73249	璇	璿	 /variant of 璇[xuan2]/
73253	璃	瓈	 /variant of 璃[li2]/
73274	瑰	瓌	 /old variant of 瑰[gui1]/
73409	甁	甁	 /variant of 瓶[ping2]/
73433	砖	甎	 /variant of 磚|砖[zhuan1]/
73450	罂	甖	 /variant of 罌|罂[ying1]/
73516	甚	甚	 /variant of 什[shen2]/
73533	甛	甛	 /old variant of 甜[tian2]/
73572	尝	甞	 /old variant of 嘗|尝[chang2]/
73911	产	産	 /variant of 產|产[chan3]/
74007	宁	甯	 /variant of 寧|宁[ning2]/
74282	甿	甿	 /variant of 氓[meng2]/
74284	畁	畁	 /variant of 畀[bi4]/
74285	亩	畂	 /old variant of 畝|亩[mu3]/
74286	畄	畄	 /old variant of 留[liu2]/
74287	亩	畆	 /old variant of 畝|亩[mu3]/
74290	耕	畊	 /variant of 耕[geng1]/
74326	畒	畒	 /old variant of 畝|亩[mu3]/
74485	略	畧	 /variant of 略[lu:e4]/
74562	亩	畮	 /old variant of 畝|亩[mu3]/
74663	留	畱	 /old variant of 留[liu2]/
74667	畵	畵	 /variant of 畫|画[hua4]/
74790	畺	畺	 /old variant of 疆[jiang1]/
74802	叠	疉	 /variant of 疊|叠[die2]/
74817	疋	疋	 /variant of 雅[ya3]/
74818	疍	疍	 /variant of 蜑[Dan4]/
74819	疏	疎	 /variant of 疏[shu1]/
74970	痱	疿	 /variant of 痱[fei4]/
75083	蛔	痐	 /old variant of 蛔[hui2]/
75152	痩	痩	 /Japanese variant of 瘦[shou4]/
75301	瘺	瘺	 /variant of 瘻|瘘[lou4]/
75318	憔	癄	 /old variant of 憔[qiao2]/
75319	瘤	癅	 /old variant of 瘤[liu2]/
75334	癎	癎	 /variant of 癇|痫, epilepsy/
75342	癕	癕	 /old variant of 癰|痈[yong1]/
75353	痴	癡	 /variant of 痴[chi1]/
75397	発	発	 /Japanese variant of 發|发/
76330	皃	皃	 /variant of 貌[mao4]/
76450	皨	皨	 /old variant of 星[xing1]/
76548	鼓	皷	 /old variant of 鼓[gu3]/
76584	盍	盇	 /variant of 盍[he2]/
76613	盋	盋	 /obscure variant of 缽|钵[bo1]/
76614	碗	盌	 /variant of 碗[wan3]/
76903	荡	盪	 /variant of 蕩|荡[dang4]/
77363	眂	眂	 /old variant of 視|视[shi4]/
77512	眞	眞	 /variant of 真[zhen1]/
77620	视	眡	 /old variant of 視|视[shi4]/
77625	眦	眦	 /variant of 眥|眦[zi4]/
77641	眰	眰	 /old variant of 眣[die2]/
77836	睂	睂	 /old variant of 眉[mei2]/
77839	睄	睄	 /to look at (old variant of 瞧[qiao2])/
77851	睓	睓	 /variant of 㥏[tian3]/
77853	睘	睘	 /variant of 瞏[qiong2]/
77870	眷	睠	 /(literary) to regard with love and affection; to feel concern for (variant of 眷[juan4])/
78010	翳	瞖	 /variant of 翳[yi4]/
78057	了	瞭	 /unofficial variant of 瞭[liao4]/
78078	瞹	瞹	 /variant of 曖|暧[ai4]/
78096	瞅	矁	 /old variant of 瞅[chou3]/
78115	瞰	矙	 /variant of 瞰[kan4]/
78207	矦	矦	 /old variant of 侯[hou2]/
78529	碇	矴	 /variant of 碇[ding4]/
78638	砕	砕	 /variant of 碎[sui4]/
78652	寨	砦	 /variant of 寨[zhai4]/
78671	炮	砲	 /variant of 炮[pao4]/
78828	硏	硏	 /variant of 研[yan2]/
78832	硑	硑	 /old variant of 砰[peng1]/
78970	棋	碁	 /variant of 棋[qi2]/
78974	碈	碈	 /old variant of 珉[min2]/
79081	砧	碪	 /variant of 砧[zhen1]/
79269	磕	磕	 /variant of 嗑[ke4]/
79279	磖	磖	 /old variant of 砬[la2]/
79291	碌	磟	 /variant of 碌[liu4]/
79367	磵	磵	 /variant of 澗|涧[jian4]/
79391	礀	礀	 /variant of 澗|涧[jian4]/
79404	硷	礆	 /variant of 鹼|碱[jian3]/
79423	礚	礚	 /variant of 磕[ke1]/
79426	礝	礝	 /old variant of 碝[ruan3]/
79474	𰦭	礲	 /old variant of 礱|砻[long2]/
79598	只	祇	 /variant of 只[zhi3]/
79612	祍	祍	 /old variant of 衽[ren4]/
79621	秘	祕	 /variant of 秘[mi4]/
79662	祘	祘	 /variant of 算[suan4], to calculate/
79937	祻	祻	 /variant of 禍|祸, disaster/
80114	禝	禝	 /old variant of 稷[ji4]/
80119	禥	禥	 /old variant of 祺[qi2]/
80127	祀	禩	 /variant of 祀[si4]/
80227	禺	禺	 /old variant of 偶[ou3]/
80433	秋	秌	 /old variant of 秋[qiu1]/
80434	秏	秏	 /variant of 耗[hao4]/
80556	粳	秔	 /variant of 粳[jing1]/
80580	秚	秚	 /old variant of 拌[ban4]/
80606	秤	秤	 /to weigh (variant of 稱|称[cheng1])/
80773	稆	稆	 /variant of 穭|穞[lu:3]/
80775	粳	稉	 /variant of 粳[jing1]/
80862	糯	稬	 /variant of 糯[nuo4]/
80863	秸	稭	 /variant of 秸[jie1]/
80915	称	稱	 /old variant of 秤[cheng4]/
80944	稲	稲	 /variant of 稻[dao4]/
80949	稚	稺	 /old variant of 稚[zhi4]/
80980	稿	稾	 /variant of 稿[gao3]/
81009	穂	穂	 /Japanese variant of 穗[sui4]/
81011	糠	穅	 /variant of 糠[kang1]/
81035	稚	穉	 /variant of 稚[zhi4]/
81114	穏	穏	 /Japanese variant of 穩|稳/
81126	穣	穣	 /Japanese variant of 穰[rang2]/
81127	糯	穤	 /variant of 糯[nuo4]/
81129	颓	穨	 /variant of 頹|颓[tui2]/
81169	穯	穯	 /old variant of 穡|穑[se4]/
81362	阱	穽	 /variant of 阱[jing3]/
81439	窂	窂	 /variant of 牢[lao2]/
81448	窈	窈	 /(literary) deep; profound; dim (variant of 杳[yao3])/
81460	窗	窓	 /variant of 窗[chuang1]/
81576	窑	窰	 /variant of 窯|窑[yao2]/
81593	窗	窻	 /variant of 窗[chuang1]/
81598	竃	竃	 /old variant of 灶[zao4]/
81617	灶	竈	 /variant of 灶[zao4]/
81743	伫	竚	 /to stand for a long time (variant of 佇|伫[zhu4])/
81744	竜	竜	 /Japanese variant of 龍|龙/
81745	并	竝	 /variant of 並|并[bing4]/
81770	俟	竢	 /variant of 俟[si4]/
81812	竖	竪	 /variant of 豎|竖[shu4]/
81961	竺	竺	 /variant of 篤|笃[du3]/
81969	竾	竾	 /variant of 篪[chi2]/
82185	笻	笻	 /variant of 筇[qiong2]/
82304	筊	筊	 /variant of 珓[jiao4]/
82381	策	筞	 /variant of 策[ce4]/
82390	管	筦	 /variant of 管[guan3]/
82392	筒	筩	 /variant of 筒[tong3]/
82395	箸	筯	 /variant of 箸[zhu4]/
82402	策	筴	 /variant of 策[ce4]/
82416	个	箇	 /variant of 個|个[ge4]/
82435	帚	箒	 /variant of 帚[zhou3]/
82476	棰	箠	 /variant of 棰[chui2]/
82727	篭	篭	 /old variant of 籠|笼[long2]/
82729	篲	篲	 /variant of 彗[hui4]/
82742	纂	篹	 /(literary) to compile; to edit (variant of 纂[zuan3])/
82766	蓑	簑	 /variant of 蓑[suo1]/
82767	篡	簒	 /old variant of 篡[cuan4]/
82770	簗	簗	 /erroneous variant of 築|筑[zhu4]/
82856	簪	簮	 /old variant of 簪[zan1]/
82858	檐	簷	 /variant of 檐[yan2]/
82949	藤	籐	 /variant of 藤[teng2]/
82950	籑	籑	 /old variant of 撰[zhuan4]/
82951	馔	籑	 /old variant of 饌|馔[zhuan4]/
82952	籒	籒	 /old variant of 籀[zhou4]/
82955	签	籖	 /Japanese variant of 籤|签[qian1]/
82960	籝	籝	 /old variant of 籯[ying2]/
82976	奁	籢	 /old variant of 奩|奁[lian2]/
82988	籭	籭	 /old variant of 篩|筛[shai1]/
83066	秕	粃	 /variant of 秕[bi3]/
83068	糠	粇	 /old variant of 糠[kang1]/
83113	粋	粋	 /Japanese variant of 粹/
83175	粘	粘	 /variant of 黏[nian2]/
83192	粚	粚	 /old variant of 黐[chi1]/
83193	粛	粛	 /Japanese variant of 肅|肃/
83207	磷	粦	 /variant of 磷[lin2]/
83208	妆	粧	 /variant of 妝|妆[zhuang1]/
83211	粬	粬	 /variant of 麴|曲[qu1]/
83212	粰	粰	 /variant of 稃[fu1]/
83393	粽	糉	 /variant of 粽[zong4]/
83527	糭	糭	 /old variant of 粽[zong4]/
83538	糱	糱	 /variant of 糵[nie4]/
83546	纠	糺	 /old variant of 糾|纠[jiu1]/
84319	扎	紥	 /variant of 紮|扎[za1]/
84320	扎	紥	 /variant of 紮|扎[zha1]/
84629	経	経	 /Japanese variant of 經|经/
84633	绁	絏	 /variant of 紲|绁[xie4]/
84825	絚	絚	 /old variant of 緪[geng1]/
84835	绔	絝	 /variant of 褲|裤[ku4]/
84892	絫	絫	 /variant of 累[lei3], to accumulate/
85011	絵	絵	 /Japanese variant of 繪|绘/
85012	绝	絶	 /variant of 絕|绝[jue2]/
85015	絻	絻	 /old variant of 冕[mian3]/
85033	綂	綂	 /old variant of 統|统[tong3]/
85038	绣	綉	 /variant of 繡|绣[xiu4]/
85066	捆	綑	 /variant of 捆[kun3]/
85180	綗	綗	 /variant of 絅|䌹[jiong3]/
85181	綘	綘	 /variant of 縫|缝[feng2]/
85182	継	継	 /Japanese variant of 繼|继/
85183	続	続	 /Japanese variant of 續|续/
85307	线	綫	 /variant of 線|线[xian4]/
85533	缀	綴	 /variant of 輟|辍[chuo4]/
85540	䌽	綵	 /variant of 彩[cai3]/
85671	𦈏	緍	 /old variant of 緡|缗[min2]/
85673	総	総	 /Japanese variant of 總|总/
85674	繁	緐	 /old variant of 繁[fan2]/
85675	緑	緑	 /Japanese variant of 綠|绿[lu:4]/
85681	緖	緖	 /variant of 緒|绪[xu4]/
85764	褓	緥	 /variant of 褓[bao3]/
85846	緫	緫	 /variant of 總|总[zong3]/
85884	縁	縁	 /Japanese variant of 緣|缘/
85885	縂	縂	 /variant of 總|总[zong3]/
85887	縄	縄	 /Japanese variant of 繩|绳/
85935	縦	縦	 /old variant of 縱|纵[zong4]/
85936	绦	縧	 /variant of 絛|绦[tao1]/
86228	缪	繆	 /variant of 謬|谬[miu4]/
86230	缪	繆	 /old variant of 穆[mu4]/
86238	繊	繊	 /Japanese variant of 纖|纤/
86239	繋	繋	 /variant of 繫|系[xi4]/
86337	缰	繮	 /variant of 韁|缰[jiang1]/
86402	纉	纉	 /variant of 纘|缵[zuan3]/
86431	纎	纎	 /old variant of 纖|纤[xian1]/
86450	纒	纒	 /old variant of 纏|缠[chan2]/
86543	瓶	缾	 /variant of 瓶[ping2]/
86544	罁	罁	 /old variant of 缸[gang1]/
86557	罆	罆	 /variant of 罐[guan4]/
86558	樽	罇	 /variant of 樽[zun1]/
86562	瓮	罋	 /variant of 甕|瓮[weng4]/
86566	罎	罎	 /variant of 罈|坛[tan2]/
86592	罣	罣	 /variant of 掛|挂[gua4]/
86712	罚	罸	 /variant of 罰|罚[fa2]/
86721	羀	羀	 /old variant of 罶[liu3]/
86722	羂	羂	 /variant of 罥[juan4]/
86895	羇	羇	 /variant of 羈|羁[ji1]/
87176	羌	羗	 /variant of 羌[qiang1]/
87201	群	羣	 /variant of 群[qun2]/
87321	羮	羮	 /variant of 羹[geng1]/
87337	膻	羶	 /variant of 膻[shan1]/
87387	翅	翄	 /variant of 翅[chi4]/
87442	翖	翖	 /old variant of 翕[xi1]/
87462	翦	翦	 /variant of 剪[jian3]/
87512	翱	翺	 /variant of 翱[ao2]/
87947	耈	耈	 /old variant of 耇[gou3]/
87948	耉	耉	 /old variant of 耇[gou3]/
87949	耊	耊	 /old variant of 耋[die2]/
87987	耎	耎	 /old variant of 軟|软[ruan3]/
88024	专	耑	 /variant of 專|专[zhuan1]/
88202	耼	耼	 /variant of 聃[dan1]/
88489	聡	聡	 /old variant of 聰|聪[cong1]/
88490	聦	聦	 /variant of 聰|聪[cong1]/
88491	聨	聨	 /variant of 聯|联[lian2]/
88492	聮	聮	 /old variant of 聯|联[lian2]/
88683	聴	聴	 /Japanese variant of 聽|听[ting1]/
88725	聼	聼	 /variant of 聽|听[ting1]/
88936	肊	肊	 /variant of 臆[yi4]/
88962	肯	肎	 /old variant of 肯[ken3]/
88968	胳	肐	 /variant of 胳[ge1]/
88970	肕	肕	 /old variant of 韌|韧[ren4]/
89107	胚	肧	 /variant of 胚[pei1]/
89125	肬	肬	 /variant of 疣[you2]/
89169	肹	肹	 /old variant of 肸[xi1]/
89224	胇	胇	 /old variant of 肺[fei4]/
89497	胸	胷	 /variant of 胸[xiong1]/
89607	脆	脃	 /old variant of 脆[cui4]/
89619	胁	脇	 /variant of 脅|胁[xie2]/
89679	吻	脗	 /variant of 吻[wen3]/
89687	唇	脣	 /variant of 唇[chun2]/
89691	脧	脧	 /variant of 朘[juan1]/
89692	脨	脨	 /old variant of 瘠[ji2]/
89693	修	脩	 /variant of 修[xiu1]/
89811	脳	脳	 /Japanese variant of 腦|脑/
89823	脿	脿	 /old variant of 膘[biao1]/
89837	腌	腌	 /variant of 醃|腌[yan1]/
90048	脚	腳	 /role (variant of 角[jue2])/
90209	膌	膌	 /old variant of 瘠[ji2]/
90217	肠	膓	 /old variant of 腸|肠[chang2]/
90218	膔	膔	 /variant of 膘[biao1]/
90312	膬	膬	 /old variant of 脆[cui4]/
90415	腊	臈	 /old variant of 臘|腊[la4]/
90460	臀	臋	 /old variant of 臀[tun2]/
90470	膑	臏	 /variant of 髕|髌[bin4]/
90474	臓	臓	 /Japanese variant of 臟|脏/
90475	膘	臕	 /variant of 膘[biao1]/
90485	胭	臙	 /variant of 胭[yan1]/
90488	裸	臝	 /variant of 裸[luo3]/
90489	臞	臞	 /variant of 癯[qu2]/
91142	皋	臯	 /variant of 皋[gao1]/
91295	与	與	 /variant of 歟|欤[yu2]/
91556	舍	舍	 /old variant of 捨|舍[she3]/
91567	舎	舎	 /Japanese variant of 舍[she4]/
91605	舓	舓	 /old variant of 舐[shi4]/
91614	舗	舗	 /Japanese variant of 舖|铺/
91615	馆	舘	 /variant of 館|馆[guan3]/
91622	舝	舝	 /variant of 轄|辖[xia2]/
91671	船	舩	 /variant of 船[chuan2]/
91818	艁	艁	 /old variant of 造[zao4]/
91842	樯	艢	 /variant of 檣|樯[qiang2]/
91843	橹	艣	 /variant of 櫓|橹[lu3]/
91860	橹	艪	 /variant of 櫓|橹[lu3]/
91991	艳	艶	 /variant of 豔|艳[yan4]/
91992	艳	艷	 /variant of 豔|艳[yan4]/
92005	草	艸	 /variant of 草[cao3]/
92075	芀	芀	 /old variant of 苕[tiao2]/
92425	花	芲	 /old variant of 花[hua1]/
92447	芸	芸	 /Japanese variant of 藝|艺[yi4]/
92667	苩	苩	 /old variant of 葩[pa1]/
92870	茊	茊	 /old variant of 茲|兹[zi1]/
92877	荔	茘	 /variant of 荔[li4]/
93015	荅	荅	 /variant of 答[da1]/
93016	荅	荅	 /variant of 答[da2]/
93021	草	草	 /variant of 肏[cao4]/
93174	荘	荘	 /Japanese variant of 莊|庄/
93175	豆	荳	 /legume; pulse; bean; pea (CL:顆|颗[ke1],粒[li4]) (variant of 豆[dou4])/
93301	莩	莩	 /variant of 殍[piao3]/
93365	莭	莭	 /variant of 節|节[jie2]/
93423	灾	菑	 /old variant of 災|灾[zai1]/
93651	庵	菴	 /variant of 庵[an1]/
93653	菷	菷	 /variant of 帚[zhou3]/
93654	烟	菸	 /tobacco (variant of 煙|烟[yan1])/
93677	萅	萅	 /old variant of 春[chun1]/
93753	萕	萕	 /old variant of 薺|荠[ji4]/
93932	萱	萲	 /old variant of 萱[xuan1]/
94041	葅	葅	 /variant of 菹[zu1]/
94183	参	葠	 /variant of 參|参[shen1]/
94286	莼	蒓	 /variant of 蓴|莼[chun2]/
94396	蒭	蒭	 /old variant of 芻|刍[chu2]/
94577	蓔	蓔	 /old variant of 䅵[zhuo2]/
94583	参	蓡	 /variant of 參|参[shen1]/
94643	蓱	蓱	 /variant of 萍[ping2]/
94660	菱	蔆	 /variant of 菱[ling2]/
94682	蒂	蔕	 /variant of 蒂[di4]/
94757	蔳	蔳	 /old variant of 蒨[qian4]/
94758	麻	蔴	 /hemp (variant of 麻[ma2])/
94759	蔵	蔵	 /Japanese variant of 藏/
94788	蕊	蕋	 /variant of 蕊[rui3]/
94792	蕐	蕐	 /old variant of 華|华[hua2]/
94806	萼	蕚	 /old variant of 萼[e4]/
94880	萱	蕿	 /old variant of 萱[xuan1]/
95092	薫	薫	 /Japanese variant of 薰/
95093	薬	薬	 /Japanese variant of 藥|药/
95111	薶	薶	 /old variant of 埋[mai2]/
95123	薻	薻	 /old variant of 藻[zao3]/
95127	藁	藁	 /variant of 槁[gao3]/
95135	借	藉	 /variant of 借[jie4]/
95411	藳	藳	 /old variant of 稿[gao3]/
95414	薯	藷	 /variant of 薯[shu3]/
95424	萱	藼	 /old variant of 萱[xuan1]/
95430	蕊	蘂	 /variant of 蕊[rui3]/
95581	萱	蘐	 /old variant of 萱[xuan1]/
95586	苏	蘓	 /old variant of 蘇|苏[su1]/
95588	蘗	蘗	 /old variant of 檗[bo4]/
95792	虗	虗	 /old variant of 虛|虚[xu1]/
95793	虙	虙	 /old variant of 伏[fu2]/
95933	虫	虫	 /variant of 蟲|虫[chong2]/
95940	蛇	虵	 /variant of 蛇[she2]/
95964	蚉	蚉	 /old variant of 蚊[wen2]/
95989	蛔	蚘	 /variant of 蛔[hui2]/
95996	蚦	蚦	 /variant of 蚺[ran2]/
96071	蛋	蛋	 /variant of 蜑[Dan4]/
96106	蛍	蛍	 /Japanese variant of 螢|萤/
96115	蛔	蛕	 /old variant of 蛔[hui2]/
96149	蛧	蛧	 /old variant of 魍[wang3]/
96225	螂	蜋	 /variant of 螂[lang2]/
96238	蛔	蜖	 /old variant of 蛔[hui2]/
96289	蝶	蜨	 /variant of 蝶[die2]/
96292	蜯	蜯	 /variant of 蚌[bang4]/
96318	蝃	蝃	 /variant of 螮|䗖[di4]/
96323	蝋	蝋	 /Japanese variant of 蠟|蜡[la4]/
96327	蝎	蝎	 /variant of 蠍|蝎[xie1]/
96348	蠕	蝡	 /variant of 蠕[ru2]/
96352	蝥	蝥	 /variant of 蟊[mao2]/
96381	猿	蝯	 /variant of 猿[yuan2]/
96384	虻	蝱	 /old variant of 虻[meng2]/
96458	融	螎	 /old variant of 融[rong2]/
96463	螙	螙	 /variant of 蠹[du4]/
96484	蚊	螡	 /old variant of 蚊[wen2]/
96499	螥	螥	 /Japanese variant of 蒼|苍 house-fly/
96566	蚊	蟁	 /old variant of 蚊[wen2]/
96575	蟆	蟇	 /old variant of 蟆[ma2]/
96693	蠎	蠎	 /old variant of 蟒[mang3]/
96694	蟹	蠏	 /variant of 蟹[xie4]/
96699	茧	蠒	 /variant of 繭|茧[jian3]/
96758	蠧	蠧	 /variant of 蠹[du4]/
96762	蜂	蠭	 /old variant of 蜂[feng1]/
96807	蠷	蠷	 /variant of 蠼[qu2]/
96974	衄	衂	 /variant of 衄[nu:4]/
96976	众	衆	 /variant of 眾|众[zhong4]/
96978	脉	衇	 /variant of 脈|脉[mai4]/
97171	弄	衖	 /variant of 弄[long4]/
97172	衖	衖	 /variant of 巷[xiang4]/
97198	衔	衘	 /variant of 銜|衔[xian2]/
97303	衟	衟	 /old variant of 道[dao4]/
97462	衰	衰	 /variant of 縗|缞[cui1]/
97488	只	衹	 /variant of 只[zhi3]/
97490	邪	衺	 /old variant of 邪[xie2]/
97519	袎	袎	 /variant of 靿[yao4]/
97607	裤	袴	 /variant of 褲|裤[ku4]/
97609	衽	袵	 /variant of 衽[ren4]/
97610	袷	袷	 /variant of 夾|夹[jia2]/
97618	袿	袿	 /old variant of 褂[gua4]/
97683	夹	裌	 /variant of 夾|夹[jia2]/
97687	里	裏	 /variant of 裡|里[li3]/
97867	裙	裠	 /old variant of 裙[qun2]/
97892	裩	裩	 /variant of 褌|裈[kun1]/
97906	裴	裵	 /variant of 裴[pei2]/
97996	褀	褀	 /variant of 綥[qi2]/
98062	褏	褏	 /old variant of 袖[xiu4]/
98143	袅	褭	 /variant of 裊|袅[niao3]/
98184	褒	襃	 /variant of 褒[bao1]/
98201	裥	襇	 /variant of 襉|裥[jian3]/
98205	杂	襍	 /variant of 雜|杂[za2]/
98230	袒	襢	 /old variant of 袒[tan3]/
98234	襥	襥	 /old variant of 襆[fu2]/
98242	䙓	襬	 /variant of 襬|摆[bai3]/
98632	霸	覇	 /variant of 霸[ba4]/
98634	覉	覉	 /variant of 羈|羁[ji1]/
98635	羁	覊	 /variant of 羈|羁[ji1]/
98712	覌	覌	 /variant of 觀|观[guan1]/
98756	覐	覐	 /old variant of 覺|觉[jiao4]/
98757	覐	覐	 /old variant of 覺|觉[jue2]/
98763	觅	覔	 /old variant of 覓|觅[mi4]/
98824	覚	覚	 /Japanese variant of 覺|觉[jue2]/
98827	覤	覤	 /variant of 虩[xi4]/
98830	覧	覧	 /Japanese variant of 覽|览/
98831	睹	覩	 /old variant of 睹[du3]/
98912	覰	覰	 /variant of 覷|觑[qu4]/
98915	観	観	 /Japanese variant of 觀|观[guan1]/
99050	粗	觕	 /variant of 粗[cu1]/
99054	觜	觜	 /variant of 嘴[zui3]/
99184	觧	觧	 /variant of 解[jie3]/
99185	觧	觧	 /variant of 解[jie4]/
99186	觧	觧	 /variant of 解[xie4]/
99196	觵	觵	 /old variant of 觥[gong1]/
99254	觽	觽	 /variant of 觿, ivory bodkin for undoing knots/
99255	觾	觾	 /variant of 燕[yan4], swallow/
99642	訳	訳	 /Japanese variant of 譯|译[yi4]/
99901	察	詧	 /variant of 察[cha2]/
100010	酬	詶	 /old variant of 酬[chou2]/
100011	詸	詸	 /variant of 謎|谜[mi2]/
100063	誋	誋	 /variant of 忌[ji4]/
100117	诶	誒	 /variant of 欸[ei1]/
100118	诶	誒	 /variant of 欸[ei2]/
100119	诶	誒	 /variant of 欸[ei3]/
100120	诶	誒	 /variant of 欸[ei4]/
100137	悖	誖	 /old variant of 悖[bei4]/
100380	说	説	 /variant of 說|说[shuo1]/
100381	読	読	 /Japanese variant of 讀|读[du2]/
100382	誯	誯	 /old variant of 唱[chang4]/
100621	諌	諌	 /variant of 諫|谏[jian4]/
100630	愆	諐	 /old variant of 愆[qian1]/
100660	话	諙	 /old variant of 話|话[hua4]/
100711	谘	諮	 /variant of 咨[zi1]/
100847	歌	謌	 /variant of 歌[ge1]/
100883	谥	謚	 /variant of 諡|谥[shi4]/
100964	谣	謡	 /variant of 謠|谣[yao2]/
100967	谟	謩	 /old variant of 謨|谟[mo2]/
100968	謪	謪	 /to discuss (old variant of 商[shang1])/
101000	哗	譁	 /variant of 嘩|哗[hua2]/
101046	讹	譌	 /variant of 訛|讹[e2]/
101054	撰	譔	 /variant of 撰[zhuan4]/
101095	谭	譚	 /variant of 談|谈[tan2]/
101117	噪	譟	 /variant of 噪[zao4]/
101118	譡	譡	 /old variant of 讜|谠[dang3]/
101119	譢	譢	 /old variant of 誶|谇[sui4]/
101216	譱	譱	 /old variant of 善[shan4]/
101217	譲	譲	 /Japanese variant of 讓|让/
101277	譾	譾	 /variant of 謭|谫[jian3]/
101308	谪	讁	 /variant of 謫|谪[zhe2]/
101309	赞	讃	 /variant of 讚|赞[zan4]/
101437	䜩	讌	 /variant of 宴[yan4]/
101439	仇	讎	 /variant of 仇[chou2]/
101441	讏	讏	 /variant of 讆[wei4]/
101442	仇	讐	 /variant of 仇[chou2]/
101443	讐	讐	 /variant of 讎|雠[chou2]/
101474	赞	讚	 /(bound form) to praise; to laud (variant of 贊|赞[zan4])/
101488	讬	讬	 /nonstandard simplified variant of 託|托[tuo1]/
101498	溪	谿	 /variant of 溪[xi1]/
101579	豊	豊	 /variant of 豐|丰[feng1]/
101664	豑	豑	 /old variant of 秩[zhi4]/
101665	艳	豓	 /old variant of 豔|艳[yan4]/
101708	豣	豣	 /variant of 豜[jian1]/
101827	狸	貍	 /variant of 狸[li2]/
101867	獾	貛	 /variant of 獾[huan1]/
101940	贠	貟	 /old variant of 員|员[yuan2]/
102598	恤	賉	 /variant of 恤[xu4]/
102611	賌	賌	 /old variant of 賅|赅[gai1]/
102659	赞	賛	 /variant of 贊|赞[zan4]/
102883	赍	賷	 /variant of 齎|赍[ji1]/
102884	剩	賸	 /variant of 剩[sheng4]/
103000	赝	贋	 /variant of 贗|赝[yan4]/
103013	赣	贑	 /variant of 贛|赣[Gan4]/
103036	赃	贜	 /variant of 贓|赃[zang1]/
103294	赱	赱	 /variant of 走[zou3]/
103433	趁	趂	 /old variant of 趁[chen4]/
103896	跖	跖	 /variant of 蹠|跖[zhi2]/
103947	跺	跥	 /variant of 跺[duo4]/
104148	踩	跴	 /variant of 踩[cai3]/
104154	胫	踁	 /variant of 脛|胫[jing4]/
104160	踈	踈	 /variant of 疏[shu1]/
104166	踋	踋	 /old variant of 腳|脚[jiao3]/
104249	踪	踪	 /variant of 蹤|踪[zong1]/
104250	碰	踫	 /old variant of 碰[peng4]/
104253	逾	踰	 /variant of 逾[yu2]/
104300	蹎	蹎	 /to fall forward (variant of 顛|颠[dian1])/
104301	蹄	蹏	 /variant of 蹄[ti2]/
104312	迹	蹟	 /variant of 跡|迹[ji4]/
104358	蹮	蹮	 /old variant of 躚|跹[xian1]/
104378	蹴	蹵	 /variant of 蹴[cu4]/
104397	躃	躃	 /variant of 躄[bi4]/
104437	躛	躛	 /variant of 躗[wei4]/
104560	耽	躭	 /variant of 耽[dan1]/
104561	躰	躰	 /variant of 體|体[ti3]/
104583	躬	躳	 /old variant of 躬[gong1]/
104584	裸	躶	 /variant of 裸[luo3]/
104585	躹	躹	 /variant of 鞠[ju1]/
104599	軃	軃	 /variant of 嚲|亸[duo3]/
104601	軆	軆	 /old variant of 體|体[ti3]/
104929	軠	軠	 /old variant of 軖[kuang2]/
104930	軡	軡	 /old variant of 黔[Qian2]/
104931	転	転	 /Japanese variant of 轉|转/
104941	軶	軶	 /old variant of 軛|轭[e4]/
104968	軽	軽	 /Japanese variant of 輕|轻[qing1]/
105030	𪨶	輋	 /old variant of 畲[She1]/
105144	辄	輙	 /variant of 輒|辄[zhe2]/
105238	软	輭	 /variant of 軟|软[ruan3]/
105301	輼	輼	 /variant of 轀|辒, hearse/
105302	辗	輾	 /variant of 碾[nian3]/
105534	轜	轜	 /variant of 輀[er2]/
105535	轝	轝	 /variant of 輿|舆[yu2]/
105599	罪	辠	 /variant of 罪[zui4], crime/
105600	辣	辢	 /old variant of 辣[la4]/
105623	辞	辤	 /old variant of 辭|辞[ci2]/
105794	农	辳	 /variant of 農|农[nong2]/
105797	辺	辺	 /Japanese variant of 邊|边[bian1]/
105831	迆	迆	 /variant of 迤[yi2]/
105832	迆	迆	 /variant of 迤[yi3]/
105869	迏	迏	 /old variant of 達|达[da2]/
106107	迹	迹	 /variant of 跡|迹[ji4]/
106108	迺	迺	 /variant of 乃[nai3] (used as a surname, in given names or in place names)/
106403	迥	逈	 /old variant of 迥[jiong3]/
106474	逓	逓	 /Japanese variant of 遞|递[di4]/
107003	回	逥	 /variant of 迴|回[hui2]/
107004	奔	逩	 /variant of 奔[ben4]/
107146	逹	逹	 /erroneous variant of 達|达[da2]/
107147	逺	逺	 /old variant of 遠|远[yuan3]/
107198	遅	遅	 /Japanese variant of 遲|迟/
107218	侦	遉	 /old variant of 偵|侦[zhen1]/
107797	遟	遟	 /variant of 遲|迟[chi2]/
107888	溯	遡	 /variant of 溯[su4]/
107970	遁	遯	 /variant of 遁[dun4]/
108297	邉	邉	 /old variant of 邊|边[bian1]/
108362	邎	邎	 /variant of 遙|遥[yao2]/
108391	邠	邠	 /variant of 豳[Bin1]/
108392	邠	邠	 /variant of 彬[bin1]/
108400	那	那	 /variant of 哪[na3]/
108456	村	邨	 /variant of 村[cun1]/
108490	邱	邱	 /variant of 丘[qiu1]/
108496	邳	邳	 /variant of 丕[pi1]/
108529	郄	郄	 /variant of 郤[Xi4]/
108567	郞	郞	 /variant of 郎[Lang2]/
108568	郞	郞	 /variant of 郎[lang2]/
108581	郤	郤	 /variant of 隙[xi4]/
108674	郷	郷	 /Japanese variant of 鄉|乡/
108836	鄦	鄦	 /old variant of 許|许/
108910	鄷	鄷	 /old variant of 酆[Feng1]/
109121	酔	酔	 /Japanese variant of 醉/
109138	酢	酢	 /variant of 醋[cu4]/
109161	酬	酧	 /variant of 酬[chou2]/
109335	醇	醕	 /old variant of 醇[chun2]/
109336	醖	醖	 /variant of 醞|酝[yun4]/
109374	醤	醤	 /Japanese variant of 醬|酱[jiang4]/
109452	醸	醸	 /Japanese variant of 釀|酿/
109455	酬	醻	 /variant of 酬[chou2]/
109456	宴	醼	 /variant of 宴[yan4]/
109475	釆	釆	 /old variant of 辨[bian4]/
109484	釈	釈	 /Japanese variant of 釋|释/
110319	釡	釡	 /old variant of 釜[fu3]/
110351	焊	釬	 /variant of 焊[han4]/
110357	釸	釸	 /variant of 矽[xi1]/
110362	钯	鈀	 /old variant of 耙[pa2]/
110367	鈆	鈆	 /old variant of 沿[yan2]/
110368	铅	鈆	 /old variant of 鉛|铅[qian1]/
110377	钩	鈎	 /variant of 鉤|钩[gou1]/
110404	鈬	鈬	 /Japanese variant of 鐸|铎, large ancient bell/
110427	鉄	鉄	 /old variant of 鐵|铁[tie3]/
110428	鉄	鉄	 /old variant of 紩[zhi4]/
110429	巨	鉅	 /variant of 巨[ju4]/
110442	铇	鉋	 /variant of 刨[bao4]/
110485	钵	鉢	 /variant of 缽|钵[bo1]/
110507	鉨	鉨	 /variant of 璽|玺 ruler's seal/
110511	鉱	鉱	 /Japanese variant of 礦|矿/
110521	𫓴	鉾	 /(archaic) battle helmet (variant of 鍪[mou2])/
110667	銕	銕	 /old variant of 鐵|铁[tie3]/
110685	銞	銞	 /old variant of 鈞|钧[jun1]/
110697	銭	銭	 /Japanese variant of 錢|钱/
110700	焊	銲	 /variant of 焊[han4]/
110714	銵	銵	 /old variant of 鏗|铿[keng1]/
110741	锈	銹	 /variant of 鏽|锈[xiu4]/
110745	汞	銾	 /variant of 汞[gong3]/
110840	鋭	鋭	 /Japanese variant of 銳|锐/
110850	鋳	鋳	 /Japanese variant of 鑄|铸/
110851	锯	鋸	 /variant of 鋦|锔[ju1]/
110867	鋺	鋺	 /variant of 碗[wan3]/
110868	鉴	鋻	 /variant of 鑑|鉴[jian4]/
111078	錬	錬	 /Japanese variant of 煉|炼[lian4]/
111120	録	録	 /Japanese variant of 錄|录[lu4]/
111182	锹	鍫	 /variant of 鍬|锹[qiao1]/
111188	鉴	鍳	 /old variant of 鑒|鉴[jian4]/
111203	针	鍼	 /variant of 針|针[zhen1], needle/
111227	鎋	鎋	 /linchpin (used to fasten a wheel to an axle) (variant of 轄|辖[xia2])/
111228	镰	鎌	 /variant of 鐮|镰[lian2]/
111230	鎏	鎏	 /variant of 鎦|镏[liu2]/
111232	鎒	鎒	 /variant of 耨[nou4]/
111260	锤	鎚	 /variant of 錘|锤[chui2]/
111343	镋	鎲	 /old variant of 钂|镋[tang3]/
111351	锁	鎻	 /old variant of 鎖|锁[suo3]/
111353	鏁	鏁	 /old variant of 鎖|锁[suo3]/
111404	鏠	鏠	 /old variant of 鋒|锋[feng1]/
111459	鐗	鐗	 /variant of 鐧|锏[jian3]/
111489	鐡	鐡	 /variant of 鐵|铁[tie3], iron/
111509	鐱	鐱	 /old variant of 劍|剑[jian4]/
111681	鉴	鑒	 /variant of 鑑|鉴[jian4]/
111692	钻	鑚	 /variant of 鑽|钻[zuan4]/
111693	矿	鑛	 /variant of 礦|矿[kuang4]/
111700	刨	鑤	 /variant of 刨[bao4]/
111702	炉	鑪	 /variant of 爐|炉[lu2]/
111719	鑳	鑳	 /old variant of 鍵|键[jian4]/
111721	罐	鑵	 /variant of 罐[guan4]/
111780	䦆	钁	 /variant of 鐝|镢[jue2]/
111783	锺	锺	 /nonstandard simplified variant of 鍾|钟[zhong1]/
112216	閇	閇	 /old variant of 閉|闭[bi4]/
112614	閒	閒	 /variant of 間|间[jian1]/
112615	閒	閒	 /variant of 間|间[jian4]/
112675	闵	閔	 /old variant of 憫|悯[min3]/
112679	閗	閗	 /variant of 鬥|斗[dou4]/
112688	闹	閙	 /variant of 鬧|闹[nao4]/
112692	関	関	 /variant of 關|关[guan1]/
112700	合	閤	 /variant of 合[he2]/
112702	𬮤	閤	 /variant of 闔|阖[he2]/
112707	哄	閧	 /variant of 鬨|哄[hong4]/
112764	閲	閲	 /Japanese variant of 閱|阅/
112765	閳	閳	 /old variant of 闡|阐[chan3]/
112867	闗	闗	 /old variant of 關|关[guan1]/
112868	闘	闘	 /Japanese variant of 鬥|斗/
112869	窥	闚	 /variant of 窺|窥[kui1]/
113019	坑	阬	 /variant of 坑[keng1]/
113675	陏	陏	 /old variant of 隨|随[Sui2]/
113699	陖	陖	 /old variant of 峻[jun4]/
113700	峭	陗	 /variant of 峭[qiao4]/
113801	陥	陥	 /Japanese variant of 陷[xian4]/
114095	険	険	 /Japanese variant of 險|险/
114173	狭	陿	 /old variant of 狹|狭[xia2]/
114174	阴	隂	 /variant of 陰|阴[yin1]/
114176	堤	隄	 /variant of 堤[di1]/
114295	坞	隖	 /variant of 塢|坞[wu4]/
114319	隟	隟	 /old variant of 隙[xi4]/
114320	隠	隠	 /Japanese variant of 隱|隐[yin3]/
114321	邻	隣	 /variant of 鄰|邻[lin2]/
114322	𬯎	隤	 /variant of 頹|颓[tui2]/
114522	隶	隷	 /variant of 隸|隶[li4]/
114781	隽	雋	 /variant of 俊[jun4]/
114822	雑	雑	 /Japanese variant of 雜|杂/
115058	雚	雚	 /variant of 萑[huan2]/
115149	雍	雝	 /old variant of 雍[yong1]/
116068	霊	霊	 /Japanese variant of 靈|灵/
116125	霒	霒	 /old variant of 陰|阴[yin1]/
116134	霛	霛	 /old variant of 靈|灵[ling2]/
116158	霡	霡	 /old variant of 霢[mai4]/
116183	霩	霩	 /variant of 廓[kuo4]/
116266	霺	霺	 /old variant of 溦[wei1]/
116269	靁	靁	 /old variant of 雷[lei2]/
116360	靑	靑	 /variant of 青[qing1]/
116601	靔	靝	 /old variant of 天[tian1]/
116857	靣	靣	 /variant of 面[mian4]/
116890	韧	靭	 /variant of 韌|韧[ren4]/
116894	韧	靱	 /old variant of 韌|韧[ren4]/
116918	鞀	鞀	 /variant of 鼗[tao2]/
116927	鞇	鞇	 /variant of 茵[yin1]/
116928	鞉	鞉	 /old variant of 鼗[tao2]/
116945	鞍	鞌	 /variant of 鞍[an1]/
116973	鞝	鞝	 /variant of 緔|绱[shang4]/
117012	鞲	鞲	 /variant of 韝[gou1]/
117015	鞋	鞵	 /variant of 鞋[xie2]/
117019	靴	鞾	 /variant of 靴[xue1]/
117021	韀	韀	 /variant of 韉|鞯[jian1]/
117032	袜	韈	 /variant of 韤|袜[wa4]/
117122	袜	韤	 /variant of 襪|袜[wa4]/
117127	韭	韮	 /variant of 韭[jiu3]/
117330	顷	頃	 /variant of 傾|倾[qing1]/
117656	頚	頚	 /old variant of 頸|颈[jing3]/
117659	额	頟	 /variant of 額|额[e2]/
117674	𫖯	頫	 /variant of 俯[fu3]/
117675	頬	頬	 /variant of 頰|颊[jia2]/
117819	頳	頳	 /old variant of 赬|赪[cheng1]/
117820	颕	頴	 /old variant of 穎|颖[ying3]/
117877	赖	頼	 /variant of 賴|赖[lai4]/
117878	颓	頽	 /variant of 頹|颓[tui2]/
117884	悴	顇	 /variant of 悴[cui4]/
117885	腮	顋	 /variant of 腮[sai1]/
117959	颜	顔	 /Japanese variant of 顏|颜[yan2]/
117960	顕	顕	 /Japanese variant of 顯|显/
117970	顚	顚	 /variant of 顛|颠[dian1]/
118028	憔	顦	 /variant of 憔[qiao2]/
118337	飘	飃	 /variant of 飄|飘[piao1]/
118379	飚	飈	 /variant of 飆|飙[biao1]/
118380	飌	飌	 /old variant of 風|风[feng1]/
118494	翻	飜	 /variant of 翻[fan1]/
118570	飡	飡	 /variant of 餐[can1]/
118578	饲	飤	 /old variant of 飼|饲[si4]/
118585	飬	飬	 /old variant of 餋[juan4]/
118586	飬	飬	 /old variant of 養|养[yang3]/
118588	飮	飮	 /variant of 飲|饮[yin3]/
118622	飰	飰	 /old variant of 飯|饭[fan4]/
118623	飧	飱	 /variant of 飧[sun1]/
118701	饪	餁	 /variant of 飪|饪[ren4]/
118720	糍	餈	 /variant of 糍[ci2]/
118840	馀	餘	 /variant of 餘|余[yu2], remainder/
118897	肴	餚	 /variant of 肴[yao2]/
118907	餠	餠	 /variant of 餅|饼[bing3]/
118914	喂	餧	 /variant of 餵|喂[wei4]/
118924	餫	餫	 /variant of 餛|馄[hun2]/
118946	糖	餹	 /old variant of 糖[tang2]/
118949	糕	餻	 /variant of 糕[gao1]/
118961	饄	饄	 /old variant of 糖[tang2]/
118964	𱃲	饇	 /variant of 飫|饫[yu4]/
118974	膳	饍	 /variant of 膳[shan4]/
118977	饥	饑	 /variant of 飢|饥[ji1]/
119017	馍	饝	 /variant of 饃|馍[mo2]/
119026	饷	饟	 /variant of 餉|饷[xiang3]/
119597	馯	馯	 /old variant of 駻[han4]/
119639	驴	馿	 /variant of 驢|驴[lu:2]/
119661	駄	駄	 /Japanese variant of 馱|驮/
119662	駅	駅	 /Japanese variant of 驛|驿[yi4]/
119664	驱	駈	 /old variant of 驅|驱[qu1]/
119746	驼	駞	 /variant of 駝|驼[tuo2]/
119748	駠	駠	 /old variant of 騮|骝[liu2]/
119749	骂	駡	 /variant of 罵|骂[ma4]/
119766	驳	駮	 /variant of 駁|驳[bo2]/
119776	駵	駵	 /old variant of 騮|骝[liu2]/
119797	骔	騌	 /variant of 騣|鬃[zong1]/
119837	验	騐	 /variant of 驗|验[yan4]/
119839	騒	騒	 /Japanese variant of 騷|骚/
119840	験	験	 /Japanese variant of 驗|验/
119844	騘	騘	 /old variant of 驄|骢[cong1]/
119859	鬃	騣	 /variant of 鬃[zong1]/
119999	骡	驘	 /variant of 騾|骡[luo2]/
120218	髄	髄	 /variant of 髓[sui3]/
120220	膀	髈	 /old variant of 膀[bang3]/
120763	髙	髙	 /variant of 高[gao1]/
120768	髠	髠	 /variant of 髡[kun1]/
120770	髢	髢	 /old variant of 鬄[di2]/
120772	髯	髥	 /old variant of 髯[ran2]/
120775	髨	髨	 /old variant of 髡[kun1]/
120776	髩	髩	 /old variant of 鬢|鬓[bin4]/
120777	髪	髪	 /Japanese variant of 髮|发/
120826	剃	鬀	 /variant of 剃[ti4]/
120831	鬄	鬄	 /old variant of 剃[ti4]/
120926	斗	鬦	 /variant of 鬭|斗[dou4]/
120965	斗	鬪	 /variant of 鬥|斗[dou4]/
120967	鬬	鬬	 /variant of 鬥|斗[dou4]/
120968	斗	鬭	 /variant of 鬥|斗[dou4]/
120971	郁	鬰	 /old variant of 鬱|郁[yu4]/
120989	鬴	鬴	 /variant of 釜[fu3]/
121045	魀	魀	 /old variant of 尬[ga4]/
121075	魊	魊	 /variant of 蜮[yu4]/
121254	魭	魭	 /old variant of 黿|鼋[yuan2]/
121308	鲧	鮌	 /variant of 鯀|鲧[Gun3]/
121460	鳄	鰐	 /variant of 鱷|鳄[e4]/
121465	鰕	鰕	 /variant of 蝦|虾[xia1]/
121466	鰛	鰛	 /variant of 鰮|鳁, sardine/
121520	鳝	鱓	 /variant of 鱔|鳝[shan4]/
121545	鳣	鱣	 /variant of 鱔|鳝[shan4]/
121570	鲜	鱻	 /old variant of 鮮|鲜[xian3]/
121631	鳫	鳫	 /old variant of 雁[yan4]/
121632	凫	鳬	 /old variant of 鳧|凫[fu2]/
121633	鳯	鳯	 /variant of 鳳|凤[feng4]/
121723	雁	鴈	 /variant of 雁[yan4]/
121730	鴎	鴎	 /Japanese variant of 鷗|鸥/
121774	鴪	鴪	 /old variant of 鴥[yu4]/
121835	鹅	鵞	 /variant of 鵝|鹅[e2]/
121864	鸦	鵶	 /variant of 鴉|鸦[ya1]/
121877	鶏	鶏	 /Japanese variant of 雞|鸡/
121880	鶕	鶕	 /old variant of 鵪|鹌[an1]/
121889	鶤	鶤	 /variant of 鵾|鹍[kun1]/
121894	䴗	鶪	 /variant of 鵙[ju2]/
121923	𬸅	鶵	 /variant of 雛|雏[chu2]/
121935	鹚	鷀	 /variant of 鶿|鹚[ci2]/
121940	鸡	鷄	 /variant of 雞|鸡[ji1]/
121943	䴘	鷉	 /variant of 鷈|䴘[ti1]/
121954	鷞	鷞	 /variant of 鸘|鹴[shuang1]/
121966	燕	鷰	 /variant of 燕[yan4]/
121970	鹇	鷳	 /variant of 鷴|鹇[xian2]/
122005	䴙	鸊	 /variant of 鷿|䴙[pi4]/
122008	莺	鸎	 /variant of 鶯|莺[ying1]/
122017	鸖	鸖	 /old variant of 鶴|鹤[he4]/
122027	鸜	鸜	 /variant of 鴝|鸲[qu2]/
122047	鹸	鹸	 /Japanese variant of 鹼|碱[jian3]/
122069	碱	鹻	 /variant of 鹼|碱[jian3]/
122166	麁	麁	 /variant of 麤|粗[cu1]/
122171	麄	麄	 /variant of 粗[cu1]/
122172	麅	麅	 /variant of 狍[pao2]/
122181	麟	麐	 /variant of 麟[lin2]/
122192	麕	麕	 /variant of 麇[jun1]/
122225	獐	麞	 /variant of 獐[zhang1]/
122316	面	麪	 /variant of 麵|面[mian4]/
122317	麫	麫	 /variant of 麵|面[mian4]/
122320	曲	麯	 /variant of 麴|曲[qu1]/
122367	麺	麺	 /old variant of 麵|面[mian4]/
122449	么	麽	 /variant of 麼|么[me5]/
123076	黒	黒	 /Japanese variant of 黑/
123129	黙	黙	 /Japanese variant of 默/
123304	黱	黱	 /old variant of 黛[dai4]/
123306	霉	黴	 /variant of 霉[mei2]/
123320	蛙	鼃	 /old variant of 蛙[wa1]/
123321	鼄	鼄	 /old variant of 蛛[zhu1]/
123322	鼅	鼅	 /old variant of 蜘[zhi1]/
123323	鳌	鼇	 /variant of 鰲|鳌[ao2]/
123324	鳖	鼈	 /variant of 鱉|鳖[bie1]/
123423	鼡	鼡	 /variant of 鼠[shu3]/
123606	龂	齗	 /old variant of 齦|龈[yin2]/
123609	齚	齚	 /variant of 齰[ze2]/
123617	齢	齢	 /Japanese variant of 齡|龄/
123618	出	齣	 /variant of 出[chu1] (classifier for plays or chapters of classical novels)/
123619	龈	齦	 /variant of 啃[ken3]/
123630	啮	齧	 /variant of 嚙|啮[nie4]/
123632	咬	齩	 /variant of 咬[yao3]/
123828	龒	龒	 /old variant of 龍|龙[long2]/
123836	龘	龘	 /old variant of 龖[da2]/
123838	龟	龜	 /variant of 皸|皲[jun1]/
123863	龝	龝	 /old variant of 秋[qiu1]/
123866	和	龢	 /(literary) harmonious (variant of 和[he2])/
123869	龥	龥	 /variant of 籲|吁[yu4]/
123891	𱅒	𩧢	 /variant of 騁|骋[cheng3]/
