60	B格	B格	 /variant of 逼格[bi1 ge2]/
146	word	word	 /my (Internet slang variant of 我的[wo3 de5])/
209	㚻奸	㚻姦	 /variant of 雞姦|鸡奸[ji1 jian1]/
297	㺢㹢狓	㺢㹢狓	 /variant of 霍加狓[huo4 jia1 pi2]/
383	一下儿	一下兒	 /erhua variant of 一下[yi1 xia4]/
390	一并	一並	 /variant of 一併|一并[yi1 bing4]/
416	一个劲儿	一個勁兒	 /erhua variant of 一個勁|一个劲[yi1 ge4 jin4]/
436	一准	一准	 /variant of 一準|一准[yi1 zhun3]/
473	一口气儿	一口氣兒	 /erhua variant of 一口氣|一口气[yi1 kou3 qi4]/
474	一古脑儿	一古腦兒	 /variant of 一股腦兒|一股脑儿[yi1 gu3 nao3 r5]/
511	一块儿	一塊兒	 /erhua variant of 一塊|一块[yi1 kuai4]/
526	一大早儿	一大早兒	 /erhua variant of 一大早[yi1 da4 zao3]/
550	一字儿	一字兒	 /erhua variant of 一字[yi1 zi4]/
678	一暴十寒	一暴十寒	 /variant of 一曝十寒[yi1 pu4 - shi2 han2]/
712	一槌定音	一槌定音	 /variant of 一錘定音|一锤定音[yi1 chui2 ding4 yin1]/
811	一笔抹煞	一筆抹煞	 /variant of 一筆抹殺|一笔抹杀[yi1 bi3 mo3 sha1]/
851	一股脑儿	一股腦兒	 /erhua variant of 一股腦|一股脑[yi1 gu3 nao3]/
1024	一点儿	一點兒	 /erhua variant of 一點|一点[yi1 dian3]/
1061	丁客	丁客	 /variant of 丁克[ding1 ke4]/
1062	丁宁	丁寧	 /variant of 叮嚀|叮咛[ding1 ning2]/
1142	七湾八拐	七灣八拐	 /variant of 七彎八拐|七弯八拐[qi1 wan1 - ba1 guai3]/
1231	三个臭皮匠，胜过一个诸葛亮	三個臭皮匠，勝過一個諸葛亮	 /variant of 三個臭皮匠，賽過一個諸葛亮|三个臭皮匠，赛过一个诸葛亮[san1 ge4 chou4 pi2 jiang5 , sai4 guo4 yi1 ge4 Zhu1 ge3 Liang4]/
1462	三膲	三膲	 /variant of 三焦[san1 jiao1]/
1640	上同调	上同調	 /cohomology (invariant of a topological space in math.)/
1852	上边儿	上邊兒	 /erhua variant of 上邊|上边[shang4 bian5]/
1857	上钩儿	上鉤兒	 /erhua variant of 上鉤|上钩[shang4 gou1]/
1894	下三烂	下三爛	 /variant of 下三濫|下三滥[xia4 san1 lan4]/
1916	下功夫	下功夫	 /variant of 下工夫[xia4 gong1 fu5]/
2067	下边儿	下邊兒	 /erhua variant of 下邊|下边[xia4 bian5]/
2383	不大离儿	不大離兒	 /erhua variant of 不大離|不大离[bu4 da4 li2]/
2431	不对劲儿	不對勁兒	 /erhua variant of 不對勁|不对劲[bu4 dui4 jin4]/
2639	不法分子	不法份子	 /variant of 不法分子[bu4 fa3 fen4 zi3]/
2763	不管白猫黑猫，捉住老鼠就是好猫	不管白貓黑貓，捉住老鼠就是好貓	 /it doesn't matter whether a cat is white or black; as long as it catches mice it's a good cat (variant of a Sichuanese saying used in a speech by Deng Xiaoping 鄧小平|邓小平[Deng4 Xiao3 ping2] in 1962, usually associated with his economic reforms starting in 1978, in which pragmatism was favored over ideological purity)/
2863	不误	不誤	" /used in expressions of the form 照V不誤|照V不误[zhao4 xx5 bu4 wu4], in which V is a verb, 照[zhao4] means ""as before"", and the overall meaning is ""carry on (doing sth) regardless"" or ""continue (to do sth) in spite of changed circumstances"", e.g. 照買不誤|照买不误[zhao4 mai3 bu4 wu4], to keep on buying (a product) regardless (of price hikes)/"
2901	不起眼儿	不起眼兒	 /erhua variant of 不起眼[bu4 qi3 yan3]/
3120	丘吉尔	丘吉爾	 /variant of 邱吉爾|邱吉尔[Qiu1 ji2 er3]/
3709	中华	中華	" /Zhonghua, historical and cultural term for China, often used to denote Chinese civilization and identity (as in 中華文化|中华文化[Zhong1 hua2 wen2 hua4] ""Chinese culture"")/used in the official name of the Republic of China, 中華民國|中华民国[Zhong1 hua2 Min2 guo2]/"
3819	丰采	丰采	 /variant of 風采|风采[feng1 cai3]/
3848	串门儿	串門兒	 /erhua variant of 串門|串门[chuan4 men2]/
4220	乙太	乙太	 /variant of 以太[yi3 tai4]/
4393	乳滑	乳滑	 /(Internet slang) variant of 辱華|辱华[ru3 Hua2], to insult China/
4627	事儿	事兒	 /one's employment/business/matter that needs to be settled/(northern dialect) (of a person) demanding/trying/troublesome/erhua variant of 事[shi4]/CL:件[jian4],樁|桩[zhuang1]/
4830	二簧	二簧	 /variant of 二黃|二黄[er4 huang2]/
4869	二逼	二逼	 /variant of 二屄[er4 bi1]/
5059	五痨七伤	五癆七傷	 /variant of 五勞七傷|五劳七伤[wu3 lao2 qi1 shang1]/
5070	五笔字形	五筆字形	 /Chinese character input method for entering characters by numbered strokes (variant of 五筆字型|五笔字型[wu3 bi3 zi4 xing2])/
5316	亚麻子	亞麻子	 /variant of 亞麻籽|亚麻籽[ya4 ma2 zi3]/
5330	亡八	亡八	 /variant of 王八[wang2 ba1]/
5397	交汇	交彙	 /variant of 交匯|交汇/to flow together/confluence (of rivers, airflow, roads)/(international) cooperation/
5399	交待	交待	 /variant of 交代[jiao1 dai4]/
5524	亦且	亦且	 /variant of 抑且[yi4 qie3]/
5781	人情味儿	人情味兒	 /erhua variant of 人情味[ren2 qing2 wei4]/
5804	人材	人材	 /variant of 人才[ren2 cai2]/
5906	人缘儿	人緣兒	 /erhua variant of 人緣|人缘[ren2 yuan2]/
6145	介蒂	介蒂	 /variant of 芥蒂[jie4 di4]/
6179	他喵的	他喵的	 /drat/frick/(euphemistic variant of 他媽的|他妈的[ta1 ma1 de5])/
6264	仙方儿	仙方兒	 /erhua variant of 仙方[xian1 fang1]/
6403	令嫒	令嬡	 /variant of 令愛|令爱[ling4 ai4]/
6516	以老卖老	以老賣老	 /variant of 倚老賣老|倚老卖老[yi3 lao3 - mai4 lao3]/
6657	分子	份子	 /variant of 分子[fen4 zi3]/
6659	份量	份量	 /variant of 分量[fen4 liang5]/
6708	企画	企畫	 /variant of 企劃|企划[qi3 hua4]/
6744	伊媚儿	伊媚兒	 /variant of 伊妹兒|伊妹儿[yi1 mei4 r5]/
6834	伏侍	伏侍	 /variant of 服侍[fu2 shi5]/
6855	伏牺	伏犧	 /variant of 伏羲[Fu2 xi1]/
6858	伏罪	伏罪	 /variant of 服罪[fu2 zui4]/
6865	伏输	伏輸	 /variant of 服輸|服输[fu2 shu1]/
6866	伏辩	伏辯	 /variant of 服辯|服辩[fu2 bian4]/
6924	伙颐	伙頤	 /variant of 夥頤|夥颐[huo3 yi2]/
7036	伸雪	伸雪	 /variant of 申雪[shen1 xue3]/
7069	伽玛	伽瑪	 /variant of 伽馬|伽马[ga1 ma3]/
7438	作寿	作壽	 /variant of 做壽|做寿[zuo4 shou4]/
7475	作派	作派	 /variant of 做派[zuo4 pai4]/
7584	佳宾	佳賓	 /variant of 嘉賓|嘉宾[jia1 bin1]/
7599	并系群	併系群	 /variant of 並系群|并系群[bing4 xi4 qun2]/
7619	使劲儿	使勁兒	 /erhua variant of 使勁|使劲[shi3 jin4]/
7712	来台	來臺	 /variant of 來台|来台[lai2 - Tai2]/
7738	侈糜	侈糜	 /variant of 侈靡[chi3 mi2]/
7933	局限	侷限	 /variant of 局限[ju2 xian4]/
8025	俄克拉荷马	俄克拉荷馬	 /variant of 俄克拉何馬|俄克拉何马[E2 ke4 la1 he2 ma3]/
8070	俐落	俐落	 /variant of 利落[li4 luo5]/
8172	保母	保母	 /variant of 保姆[bao3 mu3]/
8173	保准	保準	 /variant of 保准[bao3 zhun3]/
8182	保特瓶	保特瓶	 /variant of 寶特瓶|宝特瓶[bao3 te4 ping2]/
8232	保镳	保鑣	 /variant of 保鏢|保镖[bao3 biao1]/
8271	俟机	俟機	 /variant of 伺機|伺机[si4 ji1]/
8293	信口开合	信口開合	 /variant of 信口開河|信口开河[xin4 kou3 kai1 he2]/
8302	信子	信子	 /variant of 芯子[xin4 zi5]/
8509	俳佪	俳佪	 /variant of 徘徊[pai2 huai2]/
8541	俩钱儿	倆錢兒	 /erhua variant of 倆錢|俩钱[lia3 qian2]/
8546	仓卒	倉卒	 /variant of 倉促|仓促[cang1 cu4]/
8552	仓惶	倉惶	 /variant of 倉皇|仓皇[cang1 huang2]/
8554	仓猝	倉猝	 /variant of 倉促|仓促[cang1 cu4]/
8559	仓黄	倉黃	 /variant of 倉皇|仓皇[cang1 huang2]/
8628	倒反天罡	倒反天罡	 /variant of 倒反天綱|倒反天纲[dao4 fan3 tian1 gang1]/
8657	倒持太阿	倒持太阿	 /variant of 倒持泰阿[dao4 chi2 - Tai4 e1]/
8676	倒楣	倒楣	 /variant of 倒霉[dao3 mei2]/
8696	倒背手儿	倒背手兒	 /erhua variant of 倒背手[dao4 bei4 shou3]/
8723	倒采	倒采	 /variant of 倒彩[dao4 cai3]/
8731	倒霉蛋儿	倒霉蛋兒	 /erhua variant of 倒霉蛋[dao3 mei2 dan4]/
8745	倘佯	倘佯	 /variant of 徜徉[chang2 yang2]/
8779	倚托	倚託	 /variant of 倚托[yi3 tuo1]/
8858	倡狂	倡狂	 /variant of 猖狂[chang1 kuang2]/
8914	值勤	值勤	 /variant of 執勤|执勤[zhi2 qin2]/
9013	假托	假託	 /variant of 假托[jia3 tuo1]/
9159	做主	做主	 /variant of 作主[zuo4 zhu3]/
9165	做伴儿	做伴兒	 /erhua variant of 做伴[zuo4 ban4]/
9200	做活儿	做活兒	 /erhua variant of 做活[zuo4 huo2]/
9223	做证	做證	 /variant of 作證|作证[zuo4 zheng4]/
9501	傅会	傅會	 /variant of 附會|附会[fu4 hui4]/
9610	家伙	傢伙	 /variant of 家伙[jia1 huo5]/
9611	家俱	傢俱	 /variant of 家具[jia1 ju4]/
9612	傢具	傢具	 /variant of 家具[jia1 ju4]/
9626	催帐	催帳	 /variant of 催賬|催账[cui1 zhang4]/
9892	傻B	傻B	 /variant of 傻屄[sha3 bi1]/
9904	傻帽儿	傻帽兒	 /erhua variant of 傻帽[sha3 mao4]/
9918	傻逼	傻逼	 /variant of 傻屄[sha3 bi1]/
9977	偻㑩	僂儸	 /variant of 嘍囉|喽啰[lou2 luo5]/
10002	像貌	像貌	 /variant of 相貌[xiang4 mao4]/
10063	雇主	僱主	 /variant of 雇主[gu4 zhu3]/
10302	兀臬	兀臬	 /variant of 杌隉|杌陧[wu4 nie4]/
10303	兀臲	兀臲	 /variant of 杌隉|杌陧[wu4 nie4]/
10318	元来	元來	 /variant of 原來|原来[yuan2 lai2]/
10319	元元本本	元元本本	 /variant of 原原本本[yuan2 yuan2 ben3 ben3]/
10359	元煤	元煤	 /variant of 原煤[yuan2 mei2]/
10463	凶狠	兇狠	 /variant of 凶狠[xiong1 hen3]/
10628	光棍儿	光棍兒	 /bachelor; single man (erhua variant of 光棍[guang1 gun4])/
10706	光采	光采	 /variant of 光彩[guang1 cai3]/
10900	儿媳妇儿	兒媳婦兒	 /erhua variant of 兒媳婦|儿媳妇[er2 xi2 fu4]/
10939	兜儿	兜兒	 /erhua variant of 兜[dou1]/
11234	内哄	內鬨	 /variant of 內訌|内讧[nei4 hong4]/
11302	全愈	全愈	 /variant of 痊癒|痊愈[quan2 yu4]/
11369	全神灌注	全神灌注	 /variant of 全神貫注|全神贯注[quan2 shen2 - guan4 zhu4]/
11544	两头儿	兩頭兒	 /erhua variant of 兩頭|两头[liang3 tou2]/
11576	八哥儿	八哥兒	 /erhua variant of 八哥[ba1 ge1]/
11626	八杆子打不着	八杆子打不著	 /variant of 八竿子打不著|八竿子打不着[ba1 gan1 zi5 da3 bu4 zhao2]/
11704	公布	公佈	 /variant of 公布[gong1 bu4]/
12130	兲朝	兲朝	 /(derog.) the Chinese Communist regime (variant of 天朝[Tian1 chao2] Celestial Empire, invented to circumvent censorship)/
12312	再接再砺	再接再礪	 /variant of 再接再厲|再接再厉[zai4 jie1 zai4 li4]/
12423	冗辞	冗辭	 /variant of 冗詞|冗词[rong3 ci2]/
12432	冘疑	冘疑	 /variant of 猶疑|犹疑[you2 yi2]/
12433	冘豫	冘豫	 /variant of 猶豫|犹豫[you2 yu4]/
12552	冬阴	冬陰	 /variant of 冬蔭|冬荫[dong1 yin1]/
12553	冬阴功	冬陰功	 /variant of 冬蔭功|冬荫功[dong1 yin1 gong1]/
12774	冷颤	冷顫	 /variant of 冷戰|冷战[leng3 zhan5]/
12872	凝炼	凝煉	 /variant of 凝練|凝练[ning2 lian4]/
12933	凯彻	凱徹	 /variant of 愷撒|恺撒, Caesar (emperor)/
12972	凶恶	凶惡	 /variant of 兇惡|凶恶, fierce/ferocious/fiendish/frightening/
13020	凹板	凹板	 /variant of 凹版[ao1 ban3]/
13092	出喽子	出嘍子	 /variant of 出婁子|出娄子[chu1 lou2 zi5]/
13113	出尖儿	出尖兒	 /erhua variant of 出尖[chu1 jian1]/
13146	出楼子	出樓子	 /variant of 出婁子|出娄子[chu1 lou2 zi5]/
13300	函洞	函洞	 /variant of 涵洞[han2 dong4]/
13368	分付	分付	 /variant of 吩咐[fen1 fu4]/
13404	分子	分子	 /Taiwan variant of 份子[fen4 zi5]/
13484	分櫱	分櫱	 /variant of 分蘖[fen1 nie4]/
13701	刊误表	刊誤表	 /variant of 勘誤表|勘误表[kan1 wu4 biao3]/
13769	列别杰夫	列別傑夫	 /variant of 列別捷夫|列别捷夫[Lie4 bie2 jie2 fu1]/
13935	别致	別致	 /variant of 別緻|别致[bie2 zhi4]/
13956	刨根儿	刨根兒	 /erhua variant of 刨根[pao2 gen1]/
13991	利害	利害	 /variant of 厲害|厉害[li4 hai5]/
14014	利是	利是	 /variant of 利事[li4 shi4]/
14073	刮刮叫	刮刮叫	 /variant of 呱呱叫[gua1 gua1 jiao4]/
14241	刻日	刻日	 /variant of 克日[ke4 ri4]/
14242	刻期	刻期	 /variant of 克期[ke4 qi1]/
14250	刻丝	刻絲	 /variant of 緙絲|缂丝[ke4 si1]/
14352	前半天儿	前半天兒	 /erhua variant of 前半天[qian2 ban4 tian1]/
14354	前半晌儿	前半晌兒	 /erhua variant of 前半晌[qian2 ban4 shang3]/
14469	前车之鉴	前車之鑒	 /variant of 前車之鑑|前车之鉴[qian2 che1 zhi1 jian4]/
14480	前边儿	前邊兒	 /erhua variant of 前邊|前边[qian2 bian5]/
14569	刚才	剛纔	 /just now (variant of 剛才|刚才[gang1 cai2])/
14807	剿袭	剿襲	 /variant of 抄襲|抄袭[chao1 xi2]/
14822	划十字	劃十字	 /variant of 畫十字|画十字[hua4 shi2 zi4]/
14832	划等号	劃等號	 /variant of 畫等號|画等号[hua4 deng3 hao4]/
14865	劈哩啪啦	劈哩啪啦	 /variant of 噼里啪啦[pi1 li5 pa1 la1]/
14877	劈里啪啦	劈里啪啦	 /variant of 噼里啪啦[pi1 li5 pa1 la1]/
15115	加劲儿	加勁兒	 /erhua variant of 加勁|加劲[jia1 jin4]/
15200	加注	加注	 /to increase a bet; to raise (in poker); to raise the stakes/to add; to pour in/variant of 加註|加注[jia1 zhu4]/
15333	努嘴儿	努嘴兒	 /erhua variant of 努嘴[nu3 zui3]/
15377	劲儿	勁兒	 /erhua variant of 勁|劲[jin4]/
15497	动嘴皮儿	動嘴皮兒	 /erhua variant of 動嘴皮|动嘴皮[dong4 zui3 pi2]/
15554	动荡	動盪	 /variant of 動蕩|动荡[dong4 dang4]/
15596	勘查	勘查	 /variant of 勘察[kan1 cha2]/
15670	劳劳叨叨	勞勞叨叨	 /variant of 嘮嘮叨叨|唠唠叨叨[lao2 lao5 dao1 dao1]/
15690	劳瘵	勞瘵	 /variant of 癆瘵|痨瘵[lao2 zhai4]/
15795	劝戒	勸戒	 /variant of 勸誡|劝诫[quan4 jie4]/
15845	勾联	勾聯	 /variant of 勾連|勾连[gou1 lian2]/
15857	勾阑	勾闌	 /variant of 勾欄|勾栏[gou1 lan2]/
15874	包干儿	包乾兒	 /erhua variant of 包乾|包干[bao1 gan1]/
15910	包扎	包扎	 /variant of 包紮|包扎[bao1 za1]/
15943	包米	包米	 /variant of 苞米[bao1 mi3]/
15994	匆卒	匆卒	 /old variant of 匆猝[cong1 cu4]/
16008	匍伏	匍伏	 /variant of 匍匐[pu2 fu2]/
16288	北边儿	北邊兒	 /erhua variant of 北邊|北边[bei3 bian1]/
16371	汇总	匯總	 /variant of 彙總|汇总[hui4 zong3]/
16399	匹耦	匹耦	 /variant of 匹偶[pi3 ou3]/
16543	十锦	十錦	 /variant of 什錦|什锦[shi2 jin3]/
16715	半分儿	半分兒	 /erhua variant of 半分[ban4 fen1]/
16843	半开门儿	半開門兒	 /erhua variant of 半開門|半开门[ban4 kai1 men2]/
17149	南边儿	南邊兒	 /erhua variant of 南邊|南边[nan2 bian5]/
17345	卡哇依	卡哇依	 /variant of 卡哇伊[ka3 wa1 yi1]/
17346	卡啦	卡啦	 /crispy, deep-fried (variant of 卡拉[ka3 la1])/
17693	卷帘门	卷簾門	 /variant of 捲簾門|卷帘门[juan3 lian2 men2]/
17699	卷起	卷起	 /variant of 捲起|卷起[juan3 qi3]/
17862	原故	原故	 /variant of 緣故|缘故[yuan2 gu4]/
17896	原由	原由	 /variant of 緣由|缘由[yuan2 you2]/
18089	参预	參預	 /variant of 參與|参与[can1 yu4]/
18247	反复	反復	 /variant of 反覆|反复[fan3 fu4]/
18312	反璞归真	反璞歸真	 /variant of 返璞歸真|返璞归真[fan3 pu2 gui1 zhen1]/
18397	反面儿	反面兒	 /erhua variant of 反面[fan3 mian4]/
18985	叫化子	叫化子	 /variant of 叫花子[jiao4 hua1 zi5]/
19060	可劲儿	可勁兒	 /erhua variant of 可勁|可劲[ke3 jin4]/
19142	可望而不可即	可望而不可即	 /variant of 可望而不可及[ke3 wang4 er2 bu4 ke3 ji2]/
19220	台中	台中	 /variant of 臺中|台中[Tai2 zhong1]/
19252	台湾	台灣	 /variant of 臺灣|台湾[Tai2 wan1]/
19274	叱吒	叱吒	 /variant of 叱咤[chi4 zha4]/
19363	右边儿	右邊兒	 /erhua variant of 右邊|右边[you4 bian5]/
19610	合并	合並	 /variant of 合併|合并[he2 bing4]/
19637	合夥	合夥	 /variant of 合伙[he2 huo3]/
19638	合夥人	合夥人	 /variant of 合伙人[he2 huo3 ren2]/
19652	合式	合式	 /conforming to a pattern; up to standard/variant of 合適|合适[he2 shi4]/
19750	合辙儿	合轍兒	 /erhua variant of 合轍|合辙[he2 zhe2]/
19863	吊卷	吊卷	 /variant of 調卷|调卷[diao4 juan4]/
20072	同调	同調	 /same tone/in agreement with/homology (invariant of a topological space in math.)/
20173	名牌儿	名牌兒	 /erhua variant of 名牌[ming2 pai2]/
20188	名素	名素	 /variant of 名宿[ming2 su4]/
20202	名角儿	名角兒	 /erhua variant of 名角[ming2 jue2]/
20245	吐嘈	吐嘈	 /variant of 吐槽[tu4 cao2]/
20461	含胡	含胡	 /variant of 含糊[han2 hu5]/
20692	吽呀	吽呀	 /variant of 吽牙[ou2 ya2]/
20732	呆会儿	呆會兒	 /variant of 待會兒|待会儿[dai1 hui4 r5]/
20769	告戒	告戒	 /variant of 告誡|告诫[gao4 jie4]/
20943	味淋	味淋	 /variant of 味醂[wei4 lin2]/
20952	味霖	味霖	 /variant of 味醂[wei4 lin2]/
20956	呵叱	呵叱	 /variant of 呵斥[he1 chi4]/
21136	和得来	和得來	 /variant of 合得來|合得来[he2 de5 lai2]/
21217	咔啦	咔啦	 /crispy, deep-fried (variant of 卡拉[ka3 la1])/
21247	咖啡馆儿	咖啡館兒	 /erhua variant of 咖啡館|咖啡馆[ka1 fei1 guan3]/
21273	咨询	咨詢	 /variant of 諮詢|咨询[zi1 xun2]/
21306	咬啮	咬齧	 /variant of 咬嚙|咬啮[yao3 nie4]/to gnaw/
21405	哀艳	哀艷	 /variant of 哀豔|哀艳[ai1 yan4]/
21408	哀词	哀詞	 /variant of 哀辭|哀辞[ai1 ci2]/
21419	品尝	品嘗	 /variant of 品嚐|品尝[pin3 chang2]/
21471	哄动	哄動	 /variant of 轟動|轰动[hong1 dong4]/
21472	哄动一时	哄動一時	 /variant of 轟動一時|轰动一时[hong1 dong4 yi1 shi2]/
21490	哇噻	哇噻	 /variant of 哇塞[wa1 sai1]/
21639	哥们儿	哥們兒	 /erhua variant of 哥們|哥们[ge1 men5]/
21771	哽喉	哽喉	 /variant of 鯁喉|鲠喉[geng3 hou2]/
21817	唏哩哗啦	唏哩嘩啦	 /variant of 稀里嘩啦|稀里哗啦[xi1 li5 hua1 la1]/
21819	唏里哗啦	唏里嘩啦	 /variant of 稀里嘩啦|稀里哗啦[xi1 li5 hua1 la1]/
21992	唱高调儿	唱高調兒	 /erhua variant of 唱高調|唱高调[chang4 gao1 diao4]/
22002	念念有词	唸唸有詞	 /variant of 念念有詞|念念有词[nian4 nian4 you3 ci2]/
22233	启蒙	啟矇	 /variant of 啟蒙|启蒙[qi3 meng2]/to instruct the young/
22241	启蛰	啟蟄	 /Waking from Hibernation/old variant of 驚蟄|惊蛰[Jing1 zhe2], Insects Wake, 3rd of the 24 solar terms 二十四節氣|二十四节气[er4 shi2 si4 jie2 qi5] 6th-20th March/
22259	啦呱	啦呱	 /variant of 拉呱[la1 gua5]/
22267	啫哩	啫哩	 /variant of 啫喱[zhe3 li2]/
22354	善罢干休	善罷干休	 /variant of 善罷甘休|善罢甘休[shan4 ba4 - gan1 xiu1]/
22393	喉急	喉急	 /variant of 猴急[hou2 ji2]/
22434	喘嘘嘘	喘噓噓	 /variant of 喘吁吁[chuan3 xu1 xu1]/
22658	单个儿	單個兒	 /erhua variant of 單個|单个[dan1 ge5]/
22823	喵的	喵的	 /drat/frick/(euphemistic variant of 媽的|妈的[ma1 de5])/
22878	嗓子眼儿	嗓子眼兒	 /erhua variant of 嗓子眼[sang3 zi5 yan3]/
22922	嗝儿屁	嗝兒屁	 /erhua variant of 嗝屁[ge2 pi4]/
23041	喽子	嘍子	 /variant of 婁子|娄子[lou2 zi5]/
23042	喽罗	嘍羅	 /variant of 嘍囉|喽啰[lou2 luo5]/
23065	呕气	嘔氣	 /variant of 慪氣|怄气[ou4 qi4]/
23078	嘚瑟	嘚瑟	 /variant of 得瑟[de4 se5]/
23191	嘹喨	嘹喨	 /variant of 嘹亮[liao2 liang4]/
23208	恶心	噁心	 /variant of 惡心|恶心[e3 xin1]/
23221	噏动	噏動	 /variant of 翕動|翕动[xi1 dong4]/
23253	器宇	器宇	 /(literary) variant of 氣宇|气宇[qi4 yu3]/
23254	器宇轩昂	器宇軒昂	 /variant of 氣宇軒昂|气宇轩昂[qi4 yu3 xuan1 ang2]/
23269	噩运	噩運	 /variant of 厄運|厄运[e4 yun4]/
23307	喷嘴儿	噴嘴兒	 /erhua variant of 噴嘴|喷嘴[pen1 zui3]/
23384	噼啪	噼啪	 /variant of 劈啪[pi1 pa1]/
23536	啰嗦	囉嗦	 /variant of 囉唆|啰唆[luo1 suo5]/
23775	回单儿	回單兒	 /erhua variant of 回單|回单[hui2 dan1]/
23798	回复	回復	 /to recover; to revert; to return to (good health, normal condition etc)/variant of 回覆[hui2 fu4]/
23819	回旋	回旋	 /variant of 迴旋|回旋[hui2 xuan2]/
23838	回游	回游	 /variant of 洄游[hui2 you2]/
23886	回转	回轉	 /variant of 迴轉|回转[hui2 zhuan3]/
23890	回避	回避	 /variant of 迴避|回避[hui2 bi4]/
23901	回响	回響	 /variant of 迴響|回响[hui2 xiang3]/
24006	囹圉	囹圉	 /variant of 囹圄[ling2 yu3]/
24592	图象	圖象	 /variant of 圖像|图像[tu2 xiang4]/
24599	图门江	圖門江	 /variant of 圖們江|图们江[Tu2 men2 jiang1]/
24662	土坎儿	土坎兒	 /erhua variant of 土坎[tu3 kan3]/
25159	坎肩儿	坎肩兒	 /erhua variant of 坎肩[kan3 jian1]/
25223	坐驾	坐駕	 /variant of 座駕|座驾[zuo4 jia4]/
25648	培果	培果	 /variant of 貝果|贝果[bei4 guo3]/
25818	堂花	堂花	 /variant of 唐花[tang2 hua1]/
25984	报怨	報怨	 /to pay back a score/to get revenge/to requite/(old) variant of 抱怨[bao4 yuan4]/
26094	塌实	塌實	 /variant of 踏實|踏实[ta1 shi5]/
26218	涂鸭	塗鴨	 /variant of 塗鴉|涂鸦[tu2 ya1]/graffiti/scrawl/poor calligraphy/to write badly/to scribble/
26362	垫底儿	墊底兒	 /erhua variant of 墊底|垫底[dian4 di3]/
26491	墨水儿	墨水兒	 /erhua variant of 墨水[mo4 shui3]/
26594	壅塞	壅塞	 /variant of 擁塞|拥塞[yong1 se4]/
26609	压伏	壓伏	 /variant of 壓服|压服[ya1 fu2]/
26628	压宝	壓寶	 /variant of 押寶|押宝[ya1 bao3]/
26637	压根儿	壓根兒	 /erhua variant of 壓根|压根[ya4 gen1]/
26658	压车	壓車	 /variant of 押車|押车[ya1 che1]/
26665	压韵	壓韻	 /variant of 押韻|押韵[ya1 yun4]/
26666	压马路	壓馬路	 /variant of 軋馬路|轧马路[ya4 ma3 lu4]/Taiwan pr. [ya1 ma3 lu4]/
27094	外边儿	外邊兒	 /erhua variant of 外邊|外边[wai4 bian5]/
27352	多采	多采	 /variant of 多彩[duo1 cai3]/
27396	夜宵儿	夜宵兒	 /erhua variant of 夜宵[ye4 xiao1]/
27408	夜消	夜消	 /variant of 夜宵[ye4 xiao1]/
27454	够戗	夠戧	 /variant of 夠嗆|够呛[gou4 qiang4]/
27490	夥伴	夥伴	 /variant of 伙伴[huo3 ban4]/
27491	夥计	夥計	 /variant of 伙計|伙计[huo3 ji5]/
27532	大伙儿	大伙兒	 /erhua variant of 大伙[da4 huo3]/
27676	大坂	大坂	 /Japanese surname Osaka/old variant of 大阪[Da4 ban3] (Osaka, city in Japan), used prior to the Meiji era/
27706	大夥	大夥	 /variant of 大伙[da4 huo3]/
27843	大才小用	大才小用	 /variant of 大材小用[da4 cai2 - xiao3 yong4]/
27905	大月支	大月支	 /variant of 大月氏[Da4 Yue4 zhi1]/
27967	大气儿	大氣兒	 /erhua variant of 大氣|大气[da4 qi4]/
28194	大腕儿	大腕兒	 /erhua variant of 大腕[da4 wan4]/
28519	天份	天份	 /variant of 天分[tian1 fen4]/
28780	天蟹座	天蟹座	 /Cancer (constellation and sign of the zodiac)/variant of 巨蟹座/
28915	太平洋周边	太平洋周邊	 /variant of 太平洋週邊|太平洋周边[Tai4 ping2 Yang2 Zhou1 bian1], Pacific Rim/
28968	太阿	太阿	 /variant of 泰阿[Tai4 e1]/
29195	夸夸其谈	夸夸其談	 /variant of 誇誇其談|夸夸其谈[kua1 kua1 - qi2 tan2]/
29227	夹当儿	夾當兒	 /erhua variant of 夾當|夹当[jia1 dang1]/
29313	奇迹	奇跡	 /variant of 奇蹟|奇迹[qi2 ji4]/
29434	奔头儿	奔頭兒	 /erhua variant of 奔頭|奔头[ben4 tou5]/
29527	奢糜	奢糜	 /variant of 奢靡[she1 mi2]/
29556	奥塞罗	奧塞羅	 /variant of 奧賽羅|奥赛罗[Ao4 sai4 luo2]/
29633	奥黛莉	奧黛莉	 /Audrey/variant of 奧黛麗|奥黛丽[Ao4 dai4 li4]/
29695	女功	女功	 /variant of 女紅|女红[nu:3 gong1]/
29715	女孩儿	女孩兒	 /erhua variant of 女孩[nu : 3 hai2]/
29719	女工	女工	 /working woman/variant of 女紅|女红[nu:3 gong1]/
29800	奶嘴儿	奶嘴兒	 /erhua variant of 奶嘴[nai3 zui3]/
29825	奶皇	奶皇	 /variant of 奶黃|奶黄[nai3 huang2]/
29826	奶皇包	奶皇包	 /variant of 奶黃包|奶黄包[nai3 huang2 bao1]/
29855	奸滑	奸滑	 /variant of 奸猾[jian1 hua2]/
29969	好玩儿	好玩兒	 /erhua variant of 好玩[hao3 wan2]/
29996	好象	好象	 /to seem; to be like (variant of 好像[hao3 xiang4])/
30199	妆扮	妝扮	 /variant of 裝扮|装扮[zhuang1 ban4]/
30269	姆指	姆指	 /erroneous variant of 拇指[mu3 zhi3]/
30353	委宛	委宛	 /variant of 委婉[wei3 wan3]/
30363	委过	委過	 /variant of 諉過|诿过[wei3 guo4]/
30365	委靡不振	委靡不振	 /variant of 萎靡不振[wei3 mi3 bu4 zhen4]/
30458	姿式	姿式	 /variant of 姿勢|姿势[zi1 shi4]/
30585	娘泡	娘泡	 /variant of 娘炮[niang2 pao4]/
30608	娥眉	娥眉	 /variant of 蛾眉[e2 mei2]/
30652	婉如	婉如	 /variant of 宛如[wan3 ru2]/
30735	婷婷玉立	婷婷玉立	 /variant of 亭亭玉立[ting2 ting2 - yu4 li4]/
30797	媳妇儿	媳婦兒	 /erhua variant of 媳婦|媳妇[xi2 fu4]/
30798	媳妇儿	媳婦兒	 /erhua variant of 媳婦|媳妇[xi2 fu5]/
30830	嫁装	嫁裝	 /variant of 嫁妝|嫁妆[jia4 zhuang5]/
31048	子实	子實	 /variant of 籽實|籽实[zi3 shi2]/
31075	子细	子細	 /variant of 仔細|仔细[zi3 xi4]/
31084	子猪	子豬	 /variant of 仔豬|仔猪[zi3 zhu1]/
31176	字形	字形	 /form of a Chinese character/variant of 字型[zi4 xing2]/
31400	孤苦零丁	孤苦零丁	 /variant of 孤苦伶仃[gu1 ku3 ling2 ding1]/
31403	孤负	孤負	 /variant of 辜負|辜负[gu1 fu4]/
31473	孳孳	孳孳	 /variant of 孜孜[zi1 zi1]/
31523	学摸	學摸	 /variant of 踅摸[xue2 mo5]/
31941	安达曼岛	安達曼島	 /Andaman islands/variant of 安達曼群島|安达曼群岛[An1 da2 man4 Qun2 dao3]/
32050	宏亮	宏亮	 /variant of 洪亮[hong2 liang4]/
32056	宏扬	宏揚	 /variant of 弘揚|弘扬[hong2 yang2]/
32196	定单	定單	 /variant of 訂單|订单[ding4 dan1]/
32202	定婚	定婚	 /variant of 訂婚|订婚[ding4 hun1]/
32224	定户	定戶	 /variant of 訂戶|订户[ding4 hu4]/
32287	定货	定貨	 /variant of 訂貨|订货[ding4 huo4]/
32300	定阅	定閱	 /variant of 訂閱|订阅[ding4 yue4]/
32310	定鼎	定鼎	 /lit. to set up the sacred tripods (following Yu the Great)/to fix the capital/to found a dynasty/used in advertising/
32318	宛转	宛轉	 /sinuous/meandering/to take a circuitous route/to toss about/vicissitudes/variant of 婉轉|婉转[wan3 zhuan3]/
32424	宣布	宣佈	 /variant of 宣布[xuan1 bu4]/
32588	家俱	家俱	 /variant of 家具[jia1 ju4]/
32877	密司脱	密司脫	 /variant of 密斯脫|密斯脱[mi4 si1 tuo1]/
33051	寒伧	寒傖	 /variant of 寒磣|寒碜[han2 chen5]/
33439	宽心丸儿	寬心丸兒	 /erhua variant of 寬心丸|宽心丸[kuan1 xin1 wan2]/
33558	宝贝儿	寶貝兒	 /erhua variant of 寶貝|宝贝[bao3 bei4]/
33673	射手座	射手座	 /Sagittarius (constellation and sign of the zodiac)/popular variant of 人馬座|人马座[Ren2 ma3 zuo4]/
33929	对劲儿	對勁兒	 /erhua variant of 對勁|对劲[dui4 jin4]/
33959	对帐	對帳	 /variant of 對賬|对账[dui4 zhang4]/
33964	对心儿	對心兒	 /erhua variant of 對心|对心[dui4 xin1]/
34168	小伙儿	小伙兒	 /erhua variant of 小伙[xiao3 huo3]/
34177	小偷儿	小偷兒	 /erhua variant of 小偷[xiao3 tou1]/
34181	小儿痲痹	小兒痲痺	 /variant of 小兒麻痺|小儿麻痹/infantile paralysis/polio (poliomyelitis)/
34189	小两口儿	小兩口兒	 /erhua variant of 小兩口|小两口[xiao3 liang3 kou3]/
34261	小孩儿	小孩兒	 /erhua variant of 小孩[xiao3 hai2]/
34321	小抄儿	小抄兒	 /erhua variant of 小抄[xiao3 chao1]/
34330	小摊儿	小攤兒	 /erhua variant of 小攤|小摊[xiao3 tan1]/
34342	小日本儿	小日本兒	 /erhua variant of 小日本[xiao3 Ri4 ben3]/
34350	小时候儿	小時候兒	 /erhua variant of 小時候|小时候[xiao3 shi2 hou5]/
34427	小白脸儿	小白臉兒	 /erhua variant of 小白臉|小白脸[xiao3 bai2 lian3]/
34498	小菜儿	小菜兒	 /erhua variant of 小菜[xiao3 cai4]/
34499	小菜碟儿	小菜碟兒	 /erhua variant of 小菜一碟[xiao3 cai4 yi1 die2]/
34551	小辫儿	小辮兒	 /erhua variant of 小辮|小辫[xiao3 bian4]/
34594	小题大作	小題大作	 /variant of 小題大做|小题大做[xiao3 ti2 da4 zuo4]/
34659	少安无躁	少安無躁	 /variant of 少安毋躁[shao3 an1 wu2 zao4]/
34756	尚方宝剑	尚方寶劍	 /variant of 尚方劍|尚方剑[shang4 fang1 jian4]/imperial sword (giving bearer arbitrary powers)/in fiction, Chinese version of 007's license to kill/
34770	尜儿	尜兒	 /erhua variant of 尜[ga2]/
34998	尿盆儿	尿盆兒	 /erhua variant of 尿盆[niao4 pen2]/
35007	局促	局促	 /variant of 侷促|局促[ju2 cu4]/
35037	屁眼儿	屁眼兒	 /erhua variant of 屁眼[pi4 yan3]/
35088	居民点儿	居民點兒	 /variant of 居民點|居民点[ju1 min2 dian3]/
35094	居礼	居禮	 /variant of 居里[ju1 li3]/
35095	居礼夫人	居禮夫人	 /variant of 居里夫人[Ju1 li3 fu1 ren5]/
35233	展转	展轉	 /variant of 輾轉|辗转[zhan3 zhuan3]/
35305	层见迭出	層見迭出	 /variant of 層見疊出|层见叠出[ceng2 xian4 - die2 chu1]/
35340	属象	屬象	 /variant of 屬相|属相[shu3 xiang4]/
35358	屯邅	屯邅	 /variant of 迍邅[zhun1 zhan1]/
35398	山奈	山奈	 /(loanword) cyanide/variant of 山柰[shan1 nai4]/
35411	山嵛菜	山嵛菜	 /variant of 山萮菜[shan1 yu2 cai4]/
35434	山查	山查	 /variant of 山楂[shan1 zha1]/
35484	山羊座	山羊座	 /Capricorn (constellation and sign of the zodiac)/Japanese variant of 魔羯座/
35569	岐视	岐視	 /variant of 歧視|歧视[qi2 shi4]/
35694	峒人	峒人	 /variant of 侗人[Dong4 ren2]/
35695	峒剧	峒劇	 /variant of 侗劇|侗剧[Dong4 ju4]/
35710	峨嵋	峨嵋	 /variant of 峨眉[E2 mei2]/
35711	峨嵋山	峨嵋山	 /variant of 峨眉山[E2 mei2 Shan1]/
35783	崇庆	崇慶	 /variant of 重慶|重庆[Chong2 qing4]/
36039	岩层	巖層	 /variant of 岩層|岩层[yan2 ceng2]/rock strata/
36177	工夫茶	工夫茶	 /very concentrated type of tea consumed in Chaozhou, Fujian and Taiwan/variant of 功夫茶[gong1 fu5 cha2]/
36308	左边儿	左邊兒	 /erhua variant of 左邊|左边[zuo3 bian5]/
36354	巨子	巨子	 /variant of 鉅子|巨子[ju4 zi3]/
36426	差一点儿	差一點兒	 /erhua variant of 差一點|差一点[cha4 yi1 dian3]/
36430	差不离儿	差不離兒	 /erhua variant of 差不離|差不离[cha4 bu4 li2]/
36466	差迟	差遲	 /variant of 差池[cha1 chi2]/
36471	差点儿	差點兒	 /erhua variant of 差點|差点[cha4 dian3]/
36545	巴唧	巴唧	 /variant of 吧唧[ba1 ji5]/
36546	巴唧巴唧	巴唧巴唧	 /variant of 吧唧吧唧[ba1 ji5 ba1 ji5]/
36595	巴拿芬	巴拿芬	 /paraffin/variant of 石蠟|石蜡[shi2 la4]/
36882	布署	布署	 /variant of 部署[bu4 shu3]/
36954	希伯莱	希伯萊	 /variant of 希伯來|希伯来[Xi1 bo2 lai2]/
36957	希奇	希奇	 /variant of 稀奇[xi1 qi2]/
36958	希奇古怪	希奇古怪	 /variant of 稀奇古怪[xi1 qi2 - gu3 guai4]/
36983	希罕	希罕	 /variant of 稀罕[xi1 han5]/
37145	帐棚	帳棚	 /variant of 帳篷|帐篷[zhang4 peng5]/
37155	带儿	帶兒	 /erhua variant of 帶|带[dai4]/
37168	带孝	帶孝	 /variant of 戴孝[dai4 xiao4]/
37232	常年累月	常年累月	 /variant of 長年累月|长年累月[chang2 nian2 lei3 yue4]/
37291	帽沿	帽沿	 /variant of 帽檐[mao4 yan2]/
37305	幅射	幅射	 /variant of 輻射|辐射[fu2 she4]/
37354	帮凶	幫兇	 /variant of 幫凶|帮凶[bang1 xiong1]/
37386	干挠	干撓	 /variant of 干擾|干扰[gan1 rao3], to interfere/
37393	干与	干與	 /variant of 干預|干预[gan1 yu4]/
37568	平空	平空	 /variant of 憑空|凭空[ping2 kong1]/
37709	年画儿	年畫兒	 /erhua variant of 年畫|年画[nian2 hua4]/
37750	年头儿	年頭兒	 /erhua variant of 年頭|年头[nian2 tou2]/
37785	干吗	幹嗎	 /variant of 幹嘛|干嘛[gan4 ma2]/
37795	干活儿	幹活兒	 /erhua variant of 幹活|干活[gan4 huo2]/
37807	干么	幹麼	 /variant of 幹嘛|干嘛[gan4 ma2]/
38096	座标	座標	 /variant of 坐標|坐标[zuo4 biao1]/
38753	吊唁	弔唁	 /variant of 吊唁[diao4 yan4]/
38856	弗吉尼亚	弗吉尼亞	 /variant of 弗吉尼亞州|弗吉尼亚州/Virginia, US state/
38889	弘图	弘圖	 /variant of 宏圖|宏图[hong2 tu2]/
38891	弘旨	弘旨	 /variant of 宏旨[hong2 zhi3]/
38894	弘愿	弘願	 /variant of 宏願|宏愿[hong2 yuan4]/
39023	张惶	張惶	 /variant of 張皇|张皇[zhang1 huang2]/
39317	汇映	彙映	 /variant of 匯映|汇映[hui4 ying4]/
39320	汇编	彙編	 /variant of 匯編|汇编[hui4 bian1]/
39520	影象	影象	 /variant of 影像[ying3 xiang4]/
39537	彷似	彷似	 /variant of 仿似[fang3 si4]/
39538	彷佛	彷佛	 /erroneous variant of 彷彿|仿佛[fang3 fu2]/
39825	后边儿	後邊兒	 /erhua variant of 後邊|后边[hou4 bian5]/
39829	后钩儿	後鉤兒	 /erhua variant of 後鉤|后钩[hou4 gou1]/
39944	得意扬扬	得意揚揚	 /variant of 得意洋洋[de2 yi4 yang2 yang2]/
40079	御手	御手	 /the emperor's hand/variant of 馭手|驭手[yu4 shou3]/
40098	复元	復元	 /variant of 復原|复原[fu4 yuan2]/
40152	复苏	復蘇	 /variant of 復甦|复苏[fu4 su1]/to recover (health, economic)/to resuscitate/anabiosis/
40431	德行	德行	 /variant of 德性[de2 xing5]/
40457	徼幸	徼倖	 /variant of 僥倖|侥幸[jiao3 xing4]/
40458	徼幸	徼幸	 /variant of 僥倖|侥幸[jiao3 xing4]/
40560	心拙口夯	心拙口夯	 /variant of 心拙口笨[xin1 zhuo1 kou3 ben4]/
40624	心砰砰跳	心砰砰跳	 /variant of 心怦怦跳[xin1 peng1 peng1 tiao4]/
40745	必恭必敬	必恭必敬	 /variant of 畢恭畢敬|毕恭毕敬[bi4 gong1 bi4 jing4]/
40975	快鱼	快魚	 /variant of 鱠魚|鲙鱼[kuai4 yu2]/
40977	快点儿	快點兒	 /erhua variant of 快點|快点[kuai4 dian3]/
40981	忭舞	忭舞	 /variant of 抃舞[bian4 wu3]/
41039	忿忿	忿忿	 /variant of 憤憤|愤愤[fen4 fen4]/
41040	忿忿不平	忿忿不平	 /variant of 憤憤不平|愤愤不平[fen4 fen4 bu4 ping2]/
41041	忿怒	忿怒	 /variant of 憤怒|愤怒[fen4 nu4]/
41042	忿恨	忿恨	 /variant of 憤恨|愤恨[fen4 hen4]/
41062	怎么	怎麽	 /variant of 怎麼|怎么[zen3 me5]/
41063	怎么了	怎麽了	 /variant of 怎麼了|怎么了[zen3 me5 le5]/
41129	思惟	思惟	 /variant of 思維|思维[si1 wei2]/
41206	急待	急待	 /variant of 亟待[ji2 dai4]/
41358	怨耦	怨耦	 /variant of 怨偶[yuan4 ou3]/
41467	恍忽	恍忽	 /variant of 恍惚[huang3 hu1]/
41486	恐怖分子	恐怖份子	 /variant of 恐怖分子[kong3 bu4 fen4 zi3]/
41489	恐怖片儿	恐怖片兒	 /erhua variant of 恐怖片[kong3 bu4 pian4]/
41533	恢弘	恢弘	 /variant of 恢宏[hui1 hong2]/
41629	恬澹	恬澹	 /variant of 恬淡[tian2 dan4]/
41645	恭惟	恭惟	 /variant of 恭維|恭维[gong1 wei5]/
41749	悖缪	悖繆	 /variant of 悖謬|悖谬[bei4 miu4]/
41781	悠闲	悠閑	 /variant of 悠閒|悠闲/leisurely/
41875	悼辞	悼辭	 /variant of 悼詞|悼词[dao4 ci2]/
41955	情素	情素	 /variant of 情愫[qing2 su4]/
42000	惓惓	惓惓	 /variant of 拳拳[quan2 quan2]/
42022	惟一	惟一	 /variant of 唯一[wei2 yi1]/
42023	惟利是图	惟利是圖	 /variant of 唯利是圖|唯利是图[wei2 li4 shi4 tu2]/
42027	惟有	惟有	 /variant of 唯有[wei2 you3]/
42062	惠能	惠能	 /variant of 慧能[Hui4 neng2]/
42090	恶名儿	惡名兒	 /erhua variant of 惡名|恶名[e4 ming2]/
42156	恶运	惡運	 /variant of 厄運|厄运[e4 yun4]/
42201	想当然耳	想當然耳	 /variant of 想當然爾|想当然尔[xiang3 dang1 ran2 er3]/
42226	惹事生非	惹事生非	 /variant of 惹是生非[re3 shi4 sheng1 fei1]/
42232	惹喽子	惹嘍子	 /variant of 惹婁子|惹娄子[re3 lou2 zi5]/
42238	惹楼子	惹樓子	 /variant of 惹婁子|惹娄子[re3 lou2 zi5]/
42253	惺松	惺鬆	 /variant of 惺忪[xing1 song1]/
42346	意识型态	意識型態	 /variant of 意識形態|意识形态[yi4 shi2 xing2 tai4]/
42469	爱滋病	愛滋病	 /variant of 艾滋病[ai4 zi1 bing4]/
42623	恺弟	愷弟	 /variant of 愷悌|恺悌[kai3 ti4]/
42624	恺彻	愷徹	 /variant of 愷撒|恺撒, Caesar (emperor) used by Yan Fu 嚴復|严复/
42726	惨澹	慘澹	 /variant of 慘淡|惨淡[can3 dan4]/
42809	慧星	慧星	 /variant of 彗星[hui4 xing1]/
42935	凭白无故	憑白無故	 /variant of 平白無故|平白无故[ping2 bai2 - wu2 gu4]/
43053	应名儿	應名兒	 /erhua variant of 應名|应名[ying1 ming2]/
43727	战略夥伴	戰略夥伴	 /variant of 戰略伙伴|战略伙伴[zhan4 lu:e4 huo3 ban4]/
43979	扁额	扁額	 /variant of 匾額|匾额[bian3 e2]/
44064	手卷	手捲	 /variant of 手卷[shou3 juan3]/
44303	打哈哈儿	打哈哈兒	 /erhua variant of 打哈哈[da3 ha1 ha5]/
44310	打嗝儿	打嗝兒	 /erhua variant of 打嗝[da3 ge2]/
44364	打憷	打憷	 /variant of 打怵[da3 chu4]/
44373	打把式	打把式	 /variant of 打把勢|打把势[da3 ba3 shi5]/
44408	打旋儿	打旋兒	 /erhua variant of 打旋[da3 xuan2]/
44457	打盹儿	打盹兒	 /erhua variant of 打盹[da3 dun3]/
44557	打顿儿	打頓兒	 /erhua variant of 打頓|打顿[da3 dun4]/
44633	托辞	托辭	 /variant of 託詞|托词[tuo1 ci2]/
44678	扣关	扣關	 /variant of 叩關|叩关[kou4 guan1]/
44724	扯蛋	扯蛋	 /variant of 扯淡[che3 dan4]/
44743	扳指儿	扳指兒	 /erhua variant of 扳指[ban1 zhi3]/
44791	扶馀	扶餘	 /variant of 扶餘|扶余 Korean: Buyeo (c. 200 BC-494 AD), ancient kingdom in northeast frontier region of China/
44803	批哩啪啦	批哩啪啦	 /variant of 噼里啪啦[pi1 li5 pa1 la1]/
44804	批复	批復	 /variant of 批覆|批复[pi1 fu4]/
44871	找碴	找碴	 /variant of 找茬[zhao3 cha2]/
44951	技俩	技倆	 /variant of 伎倆|伎俩[ji4 liang3]/
44999	抄近儿	抄近兒	 /erhua variant of 抄近[chao1 jin4]/
45166	投环	投環	 /variant of 投繯|投缳[tou2 huan2]/
45215	抖内	抖內	 /variant of 斗內|斗内[dou3 nei4]/
45318	折煞	折煞	 /variant of 折殺|折杀[zhe2 sha1]/
45342	折衷	折衷	 /variant of 折中[zhe2 zhong1]/
45365	披星带月	披星帶月	 /variant of 披星戴月[pi1 xing1 dai4 yue4]/
45469	抵销	抵銷	 /variant of 抵消[di3 xiao1]/
45485	抹煞	抹煞	 /variant of 抹殺|抹杀[mo3 sha1]/
45542	抽烟	抽煙	 /variant of 抽菸|抽烟[chou1 yan1]/
45662	拉圾	拉圾	 /erroneous variant of 垃圾[la1 ji1]/
45701	拉拉蛄	拉拉蛄	 /variant of 蝲蝲蛄[la4 la4 gu3]/
45893	拐弯儿	拐彎兒	 /erhua variant of 拐彎|拐弯[guai3 wan1]/
45944	拔尖儿	拔尖兒	 /erhua variant of 拔尖[ba2 jian1]/
45952	拔毛连茹	拔毛連茹	 /variant of 拔茅連茹|拔茅连茹[ba2 mao2 - lian2 ru2]/
45957	拔火罐儿	拔火罐兒	 /erhua variant of 拔火罐[ba2 huo3 guan4]/
46062	拘挛儿	拘攣兒	 /erhua variant of 拘攣|拘挛[ju1 luan2]/
46419	拿破仑	拿破侖	 /variant of 拿破崙|拿破仑[Na2 po4 lun2]/
46591	按步就班	按步就班	 /variant of 按部就班[an4 bu4 - jiu4 ban1]/
46596	按纳	按納	 /variant of 按捺[an4 na4]/
46616	挎兜儿	挎兜兒	 /erhua variant of 挎兜[kua4 dou1]/
46646	挑毛剔刺儿	挑毛剔刺兒	 /erhua variant of 挑毛剔刺[tiao1 mao2 ti1 ci4]/
46662	挑头儿	挑頭兒	 /erhua variant of 挑頭|挑头[tiao3 tou2]/
46695	挨个儿	挨個兒	 /erhua variant of 挨個|挨个[ai1 ge4]/
46724	挨边儿	挨邊兒	 /erhua variant of 挨邊|挨边[ai1 bian1]/
46781	挺而走险	挺而走險	 /variant of 鋌而走險|铤而走险[ting3 er2 zou3 xian3]/
46817	捅喽子	捅嘍子	 /variant of 捅婁子|捅娄子[tong3 lou2 zi5]/
46819	捅楼子	捅樓子	 /variant of 捅婁子|捅娄子[tong3 lou2 zi5]/
46884	捐赀	捐貲	 /variant of 捐資|捐资[juan1 zi1]/
46934	捧角儿	捧角兒	 /erhua variant of 捧角[peng3 jue2]/
46970	卷心菜	捲心菜	 /variant of 卷心菜[juan3 xin1 cai4]/
47106	授与	授與	 /variant of 授予[shou4 yu3]/
47115	掉价儿	掉價兒	 /erhua variant of 掉價|掉价[diao4 jia4]/
47116	掉包	掉包	 /variant of 調包|调包[diao4 bao1]/
47133	掉过儿	掉過兒	 /erhua variant of 掉過|掉过[diao4 guo4]/
47188	排布	排佈	 /variant of 排布[pai2 bu4]/
47249	排泻	排瀉	 /variant of 排泄[pai2 xie4]/to excrete (urine, sweat etc)/
47250	排泻物	排瀉物	 /variant of 排泄物[pai2 xie4 wu4]/
47329	挂搭	掛搭	 /variant of 掛褡|挂褡[gua4 da1]/
47357	挂钩儿	掛鉤兒	 /erhua variant of 掛鉤|挂钩[gua4 gou1]/
47488	探头探脑儿	探頭探腦兒	 /erhua variant of 探頭探腦|探头探脑[tan4 tou2 tan4 nao3]/
47553	接碴	接碴	 /variant of 接茬[jie1 cha2]/
47634	推委	推委	 /variant of 推諉|推诿[tui1 wei3]/
47905	提葫芦	提葫蘆	 /variant of 提壺蘆|提壶芦[ti2 hu2 lu2]/
47963	插腰	插腰	 /variant of 叉腰[cha1 yao1]/
48094	揭密	揭密	 /variant of 揭秘[jie1 mi4]/
48329	搞花样儿	搞花樣兒	 /erhua variant of 搞花樣|搞花样[gao3 hua1 yang4]/
48348	搪突	搪突	 /variant of 唐突[tang2 tu1]/
48360	搬指	搬指	 /variant of 扳指[ban1 zhi3]/
48391	搭把手儿	搭把手兒	 /erhua variant of 搭把手[da1 ba3 shou3]/
48392	搭拉	搭拉	 /variant of 耷拉[da1 la5]/
48395	搭挡	搭擋	 /variant of 搭檔|搭档[da1 dang4]/
48400	搭理	搭理	 /variant of 答理[da1 li5]/
48402	搭当	搭當	 /variant of 搭檔|搭档[da1 dang4]/
48411	搭茬儿	搭茬兒	 /erhua variant of 搭茬[da1 cha2]/
48415	搭裢	搭褳	 /variant of 褡褳|褡裢[da1 lian5]/
48419	搭赸	搭赸	 /variant of 搭訕|搭讪[da1 shan4]/
48423	搭连	搭連	 /variant of 褡褳|褡裢[da1 lian5]/
48433	搳拳	搳拳	 /variant of 划拳[hua2 quan2]/
48493	摔交	摔交	 /variant of 摔跤[shuai1 jiao1]/
48551	摩娑	摩娑	 /variant of 摩挲[mo2 suo1]/
48625	抠字眼儿	摳字眼兒	 /erhua variant of 摳字眼|抠字眼[kou1 zi4 yan3]/
48628	抠门儿	摳門兒	 /erhua variant of 摳門|抠门[kou1 men2]/
48658	摹仿	摹仿	 /variant of 模仿[mo2 fang3]/
48660	摹拟	摹擬	 /variant of 模擬|模拟[mo2 ni3]/
48671	摺线	摺線	 /variant of 折線|折线[zhe2 xian4], broken line (continuous figure made up of straight line segments)/polygonal line/dog leg/
48739	撒但	撒但	 /variant of 撒旦[Sa1 dan4], Satan or Shaitan/
48859	撤消	撤消	 /variant of 撤銷|撤销[che4 xiao1]/
48901	撩乱	撩亂	 /variant of 繚亂|缭乱[liao2 luan4]/
48929	抚琴	撫琴	 /to play the zither/classical variant of 彈琴|弹琴[tan2 qin2]/
49136	操屄	操屄	 /variant of 肏屄[cao4 bi1]/
49160	操逼	操逼	 /variant of 肏屄[cao4 bi1]/
49181	担搁	擔擱	 /variant of 耽擱|耽搁[dan1 ge5]/
49189	担误	擔誤	 /variant of 耽誤|耽误[dan1 wu5]/
49197	擘画	擘畫	 /variant of 擘劃|擘划[bo4 hua4]/
49410	摆谱儿	擺譜兒	 /erhua variant of 擺譜|摆谱[bai3 pu3]/
49458	攀高枝儿	攀高枝兒	 /erhua variant of 攀高枝[pan1 gao1 zhi1]/
49564	摊儿	攤兒	 /erhua variant of 攤|摊[tan1]/
49631	支子	支子	 /support/stand/trivet/(cooking utensil) gridiron/(variant of 梔子|栀子[zhi1 zi5]) cape jasmine/
49665	支解	支解	 /variant of 肢解[zhi1 jie3]/
49688	收伏	收伏	 /variant of 收服[shou1 fu2]/
49756	收获	收獲	 /variant of 收穫|收获[shou1 huo4]/
50336	叙文	敘文	 /variant of 序文[xu4 wen2]/
50341	叙言	敘言	 /variant of 序言[xu4 yan2]/
50459	敢作敢当	敢作敢當	 /variant of 敢做敢當|敢做敢当[gan3 zuo4 gan3 dang1]/
50498	散座儿	散座兒	 /erhua variant of 散座[san3 zuo4]/single seat (in theater)/irregular passenger (in rickshaw)/
50623	敲榨	敲榨	 /to press (fruit)/variant of 敲詐|敲诈[qiao1 zha4]/
50648	整型	整型	 /(computing) integer/(Tw) to perform or undergo plastic surgery (variant of 整形[zheng3 xing2])/
50730	敷演	敷演	 /variant of 敷衍/to elaborate (on a theme)/to expound (the meaning of the classics)/
51049	文词	文詞	 /variant of 文辭|文辞[wen2 ci2]/
51202	料头儿	料頭兒	 /erhua variant of 料頭|料头[liao4 tou2]/
51216	斜愣眼儿	斜愣眼兒	 /erhua variant of 斜愣眼[xie2 leng5 yan3]/
51258	斤斗	斤斗	 /variant of 筋斗[jin1 dou3]/
51282	斩新	斬新	 /variant of 嶄新|崭新[zhan3 xin1]/
51459	新婚宴尔	新婚宴爾	 /variant of 新婚燕爾|新婚燕尔[xin1 hun1 - yan4 er3]/
51838	方策	方策	 /strategy/policy/general plan/variant of 方冊|方册[fang1 ce4]/
51875	施予	施予	 /variant of 施與|施与[shi1 yu3]/
51934	旁皇	旁皇	 /variant of 彷徨[pang2 huang2]/
51949	旁边儿	旁邊兒	 /erhua variant of 旁邊|旁边[pang2 bian1]/
51958	旄倪	旄倪	 /variant of 耄倪[mao4 ni2]/
51959	旄期	旄期	 /variant of 耄期[mao4 qi1]/
52272	日蚀	日蝕	 /variant of 日食[ri4 shi2]/
52341	早班儿	早班兒	 /erhua variant of 早班[zao3 ban1]/
52385	旮旯儿	旮旯兒	 /erhua variant of 旮旯[ga1 la2]/
52484	昌披	昌披	 /variant of 猖披[chang1 pi1]/
52955	是的	是的	 /yes, that's right/variant of 似的[shi4 de5]/
52970	昱昱	昱昱	 /variant of 煜煜[yu4 yu4]/
53497	晖映	暉映	 /variant of 輝映|辉映[hui1 ying4]/
53735	暴燥	暴燥	 /variant of 暴躁[bao4 zao4]/
53779	暹逻	暹邏	 /variant of 暹羅|暹罗[Xian1 luo2]/
53799	晓谕	曉諭	 /variant of 曉喻|晓喻[xiao3 yu4]/
53907	曲蟮	曲蟮	 /variant of 蛐蟮[qu1 shan5]/
54007	书柬	書柬	 /variant of 書簡|书简[shu1 jian3]/
54021	书皮儿	書皮兒	 /erhua variant of 書皮|书皮[shu1 pi2]/
54147	替班儿	替班兒	 /erhua variant of 替班[ti4 ban1]/
54154	替角儿	替角兒	 /erhua variant of 替角[ti4 jue2]/
54386	月芽	月芽	 /variant of 月牙[yue4 ya2]/
54391	月蚀	月蝕	 /variant of 月食[yue4 shi2]/
54658	有空儿	有空兒	 /erhua variant of 有空[you3 kong4]/
54703	有谱儿	有譜兒	 /erhua variant of 有譜|有谱[you3 pu3]/
54765	服事	服事	 /variant of 服侍[fu2 shi5]/
54803	服贴	服貼	 /variant of 服帖[fu2 tie1]/
54896	朝庭	朝庭	 /variant of 朝廷[chao2 ting2]/
54994	朦在鼓里	朦在鼓裡	 /variant of 蒙在鼓裡|蒙在鼓里[meng2 zai4 gu3 li3]/
55166	未知数儿	未知數兒	 /erhua variant of 未知數|未知数[wei4 zhi1 shu4]/
55717	束修	束修	 /variant of 束脩[shu4 xiu1]/
55741	杧果	杧果	 /variant of 芒果[mang2 guo3]/
55982	东边儿	東邊兒	 /erhua variant of 東邊|东边[dong1 bian5]/
56016	杳眇	杳眇	 /variant of 杳渺[yao3 miao3]/
56102	板主	板主	 /variant of 版主[ban3 zhu3]/
56141	板筑	板築	 /variant of 版築|版筑[ban3 zhu4]/
56183	枓拱	枓拱	 /variant of 斗拱[dou3 gong3]/
56184	枓栱	枓栱	 /variant of 斗拱[dou3 gong3]/
56192	枕席儿	枕席兒	 /erhua variant of 枕席[zhen3 xi2]/
56271	林荫大道	林蔭大道	 /variant of 林陰大道|林阴大道[lin2 yin1 - da4 dao4]/
56314	果子	果子	 /fruit/variant of 餜子|馃子[guo3 zi5]/
56359	枝丫	枝丫	 /variant of 枝椏|枝桠[zhi1 ya1]/
56364	枝枒	枝枒	 /variant of 枝椏|枝桠[zhi1 ya1]/
56374	枝解	枝解	 /variant of 肢解[zhi1 jie3]/
56413	架式	架式	 /variant of 架勢|架势[jia4 shi5]/
57085	格格	格格	 /variant of 咯咯[ge1 ge1]/
57101	格登	格登	 /variant of 咯噔[ge1 deng1]/
57140	桀骜不逊	桀驁不遜	 /variant of 桀驁不馴|桀骜不驯[jie2 ao4 - bu4 xun4]/
57234	案语	案語	 /variant of 按語|按语[an4 yu3]/
57255	桌面儿	桌面兒	 /erhua variant of 桌面[zhuo1 mian4]/
57314	桔子	桔子	 /variant of 橘子[ju2 zi5]/
57433	梗咽	梗咽	 /variant of 哽咽[geng3 ye4]/
57439	梗直	梗直	 /variant of 耿直[geng3 zhi2]/
57486	梢公	梢公	 /variant of 艄公[shao1 gong1]/
57512	梭标	梭標	 /variant of 梭鏢|梭镖[suo1 biao1]/
57558	梵帝冈	梵帝岡	 /variant of 梵蒂岡|梵蒂冈[Fan4 di4 gang1]/
57566	梵谛冈	梵諦岡	 /variant of 梵蒂岡|梵蒂冈[Fan4 di4 gang1]/
57607	棉签	棉簽	 /variant of 棉籤|棉签[mian2 qian1]/
57655	棒子面儿	棒子麵兒	 /erhua variant of 棒子麵|棒子面[bang4 zi5 mian4]/
57878	植民	植民	 /variant of 殖民/colony/
57905	桠杈	椏杈	 /variant of 丫杈[ya1 cha4]/
58048	楞头青	楞頭青	 /variant of 愣頭青|愣头青[leng4 tou2 qing1]/
58233	榛仁儿	榛仁兒	 /erhua variant of 榛仁[zhen1 ren2]/
58325	榴梿	榴槤	 /variant of 榴蓮|榴莲[liu2 lian2]/
58434	梿枷	槤枷	 /variant of 連枷|连枷[lian2 jia1]/
58597	楼子	樓子	 /pavilion/variant of 婁子|娄子[lou2 zi5]/
58634	标帜	標幟	 /banner; standard/variant of 標誌|标志[biao1 zhi4]/
58693	标识	標識	 /variant of 標誌|标志[biao1 zhi4]/
58743	模写	模寫	 /variant of 摹寫|摹写[mo2 xie3]/
58757	模版	模版	 /variant of 模板[mu2 ban3]/
58768	模胡	模胡	 /variant of 模糊[mo2 hu5]/
58961	机伶	機伶	 /variant of 機靈|机灵[ji1 ling5]/
58989	机掰	機掰	 /variant of 雞掰|鸡掰[ji1 bai1]/
59055	橡子面儿	橡子麵兒	 /erhua variant of 橡子麵|橡子面[xiang4 zi5 mian4]/
59339	柜台	櫃台	 /variant of 櫃檯|柜台[gui4 tai2]/
59346	柜台	櫃臺	 /variant of 櫃檯|柜台[gui4 tai2]/
59405	栏柜	欄櫃	 /variant of 攔櫃|拦柜[lan2 gui4]/
59464	棂床	欞床	 /variant of 靈床|灵床[ling2 chuang2]/
59537	欲取姑予	欲取姑予	 /variant of 欲取姑與|欲取姑与[yu4 qu3 - gu1 yu3]/
59557	欷吁	欷吁	 /variant of 唏噓|唏嘘[xi1 xu1]/
59729	欧几里德	歐幾里德	 /variant of 歐幾里得|欧几里得[Ou1 ji3 li3 de2]/
60003	正经八摆	正經八擺	 /variant of 正經八百|正经八百[zheng4 jing1 ba1 bai3]/
60358	历法	歷法	 /variant of 曆法|历法 calendar/
60399	归根结柢	歸根結柢	 /variant of 歸根結底|归根结底[gui1 gen1 jie2 di3]/
60462	死劲儿	死勁兒	 /erhua variant of 死勁|死劲[si3 jin4]/
60499	死气白赖	死氣白賴	 /variant of 死乞白賴|死乞白赖[si3 qi5 bai2 lai4]/
60666	殒落	殞落	 /variant of 隕落|陨落[yun3 luo4]/
60733	杀一警百	殺一警百	 /variant of 殺一儆百|杀一儆百[sha1 yi1 jing3 bai3]/
60803	杀风景	殺風景	 /variant of 煞風景|煞风景[sha1 feng1 jing3]/
61064	比画	比畫	 /variant of 比劃|比划[bi3 hua5]/
61118	毛坑	毛坑	 /variant of 茅坑[mao2 keng1]/
61128	毛厕	毛廁	 /variant of 茅廁|茅厕[mao2 si5]/
61293	民国	民國	 /Republic of China (1912-1949)/used in Taiwan as the name of the calendar era (e.g. 民國六十年|民国六十年 is 1971, the 60th year after 1911)/
61975	水饺儿	水餃兒	 /erhua variant of 水餃|水饺[shui3 jiao3]/
62214	污垢	汙垢	 /variant of 污垢[wu1 gou4]/
62341	污七八糟	污七八糟	 /variant of 烏七八糟|乌七八糟[wu1 qi1 ba1 zao1]/
62360	污蔑	污蔑	 /variant of 污衊|污蔑[wu1 mie4]/
62544	沉淀	沈澱	 /variant of 沉澱|沉淀[chen2 dian4]/
62548	沉鱼落雁	沈魚落雁	 /variant of 沉魚落雁|沉鱼落雁[chen2 yu2 - luo4 yan4]/
62625	没sei了	沒sei了	 /variant of 沒誰了|没谁了[mei2 sei2 le5]/
62632	没人味儿	沒人味兒	 /erhua variant of 沒人味|没人味[mei2 ren2 wei4]/
62635	没六儿	沒六兒	 /variant of 沒溜兒|没溜儿[mei2 liu4 r5]/
62638	没劲儿	沒勁兒	 /erhua variant of 沒勁|没劲[mei2 jin4]/
62669	没有劲头儿	沒有勁頭兒	 /erhua variant of 沒有勁頭|没有劲头[mei2 you3 jin4 tou2]/
62683	没没无闻	沒沒無聞	 /variant of 默默無聞|默默无闻[mo4 mo4 - wu2 wen2]/
62688	没准儿	沒準兒	 /erhua variant of 沒準|没准[mei2 zhun3]/
62709	没谱儿	沒譜兒	 /erhua variant of 沒譜|没谱[mei2 pu3]/
62738	冲击	沖擊	 /variant of 衝擊|冲击[chong1 ji1]/
62778	沙其马	沙其馬	 /variant of 沙琪瑪|沙琪玛[sha1 qi2 ma3]/
62786	沙囊	沙囊	 /sandbag/variant of 砂囊[sha1 nang2]/
62828	沙槌	沙槌	 /variant of 沙錘|沙锤[sha1 chui2]/
62875	沙糖	沙糖	 /variant of 砂糖[sha1 tang2]/
62890	沙锅	沙鍋	 /variant of 砂鍋|砂锅[sha1 guo1]/
62898	沙鱼	沙魚	 /variant of 鯊魚|鲨鱼[sha1 yu2]/
63001	河鲀	河魨	 /variant of 河豚[he2 tun2]/
63021	油加利	油加利	 /variant of 尤加利[you2 jia1 li4]/
63340	法码	法碼	 /variant of 砝碼|砝码[fa3 ma3]/
63393	法马	法馬	 /variant of 砝碼|砝码[fa3 ma3]/
63423	泛滥	泛濫	 /variant of 氾濫|泛滥[fan4 lan4]/
63441	泝源	泝源	 /variant of 溯源[su4 yuan2]/
63511	波希米亚	波希米亞	 /variant of 波西米亞|波西米亚[Bo1 xi1 mi3 ya4]/
63558	波浪鼓	波浪鼓	 /variant of 撥浪鼓|拨浪鼓[bo1 lang5 gu3]/
63561	波涛磷磷	波濤磷磷	 /variant of 波濤粼粼|波涛粼粼[bo1 tao1 lin2 lin2]/
63858	洋琴	洋琴	 /variant of 揚琴|扬琴[yang2 qin2]/
63944	洗炼	洗煉	 /variant of 洗練|洗练[xi3 lian4]/
64384	流水帐	流水帳	 /variant of 流水賬|流水账[liu2 shui3 zhang4]/
64402	流球	流球	 /variant of 琉球[Liu2 qiu2], Ryūkyū, e.g. the Ryūkyū Islands 琉球群島|琉球群岛[Liu2 qiu2 Qun2 dao3] stretching from Japan to Taiwan/
64579	浮图	浮圖	 /variant of 浮屠[fu2 tu2]/alternative term for 佛陀[Fo2 tuo2]/
64600	浮游	浮游	 /to float/to drift/to wander/variant of 蜉蝣[fu2 you2]/
64606	浮燥	浮燥	 /variant of 浮躁[fu2 zao4]/
64740	海嵎	海嵎	 /variant of 海隅[hai3 yu2]/
65007	涅磐	涅磐	 /variant of 涅槃[nie4 pan2]/
65099	消闲儿	消閒兒	 /erhua variant of 消閒|消闲[xiao1 xian2]/
65117	消食儿	消食兒	 /erhua variant of 消食[xiao1 shi2]/
65223	涵蓄	涵蓄	 /variant of 含蓄[han2 xu4]/
65425	淤滞	淤滯	 /silted up/obstructed by silt/variant of 瘀滯|瘀滞[yu1 zhi4]/
65428	淤血	淤血	 /variant of 瘀血[yu1 xue4]/
65689	混名儿	混名兒	 /erhua variant of 混名[hun4 ming2]/
65712	混球儿	混球兒	 /erhua variant of 混球[hun2 qiu2]/
65834	清彻	清徹	 /variant of 清澈[qing1 che4]/
66260	浑球	渾球	 /variant of 混球[hun2 qiu2]/
66261	浑球儿	渾球兒	 /variant of 混球兒|混球儿[hun2 qiu2 r5]/
66265	浑蛋	渾蛋	 /variant of 混蛋[hun2 dan4]/
66472	源源本本	源源本本	 /variant of 原原本本[yuan2 yuan2 ben3 ben3]/
66696	溷浊	溷濁	 /variant of 混濁|混浊[hun4 zhuo2]/
66707	湿地	溼地	 /variant of 濕地|湿地[shi1 di4]/
67144	渔钩	漁鉤	 /variant of 魚鉤|鱼钩[yu2 gou1]/
67145	渔钩儿	漁鉤兒	 /variant of 魚鉤兒|鱼钩儿[yu2 gou1 r5]/
67169	漂荡	漂蕩	 /variant of 飄盪|飘荡[piao1 dang4]/
67172	漂零	漂零	 /variant of 飄零|飘零[piao1 ling2]/
67397	漫骂	漫罵	 /variant of 謾罵|谩骂[man4 ma4]/
67640	潭第	潭第	 /variant of 覃第[tan2 di4]/
67650	潮州	潮州	 /see 潮州市[Chao2 zhou1 Shi4]/see 潮州鎮|潮州镇[Chao2 zhou1 Zhen4]/Chaozhou, variant of Minnan dialect 閩南語|闽南语[Min3 nan2 yu3] spoken in east Guangdong/
67719	澄彻	澄徹	 /variant of 澄澈[cheng2 che4]/
67741	澈底	澈底	 /variant of 徹底|彻底[che4 di3]/
67742	澈查	澈查	 /variant of 徹查|彻查[che4 cha2]/
67844	澹泊	澹泊	 /variant of 淡泊[dan4 bo2]/
67845	澹然	澹然	 /variant of 淡然[dan4 ran2]/
67866	激忿	激忿	 /variant of 激憤|激愤[ji1 fen4]/
67890	激进分子	激進份子	 /variant of 激進分子|激进分子[ji1 jin4 fen4 zi3]/
67943	湿哒哒	濕噠噠	 /variant of 濕答答|湿答答[shi1 da1 da1]/
67949	湿渌渌	濕淥淥	 /variant of 濕漉漉|湿漉漉[shi1 lu4 lu4]/
68114	浏海	瀏海	 /variant of 劉海|刘海[liu2 hai3]/
68178	弥漫	瀰漫	 /variant of 彌漫|弥漫[mi2 man4]/
68276	火伴	火伴	 /variant of 伙伴[huo3 ban4]/
68334	火暴	火暴	 /variant of 火爆[huo3 bao4]/
68712	炸土豆条儿	炸土豆條兒	 /erhua variant of 炸土豆條|炸土豆条[zha2 tu3 dou4 tiao2]/
68753	为例	為例	" /used in the construction 以...為例|以...为例, ""to take ... as an example""/"
68810	烊金	烊金	 /variant of 煬金|炀金[yang2 jin1]/
68966	烘动	烘動	 /variant of 轟動|轰动[hong1 dong4]/
69081	焙果	焙果	 /variant of 貝果|贝果[bei4 guo3]/
69157	无动于中	無動於中	 /variant of 無動於衷|无动于衷[wu2 dong4 yu2 zhong1]/
69203	无宁	無寧	 /variant of 毋寧|毋宁[wu2 ning4]/
69218	无庸	無庸	 /variant of 毋庸[wu2 yong1]/
69528	焦噪	焦噪	 /variant of 焦躁[jiao1 zao4]/
69539	焦燥	焦燥	 /variant of 焦躁[jiao1 zao4]/
69656	烟硷	煙礆	 /variant of 菸鹼|烟碱[yan1 jian3]/
69681	烟蒂	煙蒂	 /variant of 菸蒂|烟蒂[yan1 di4]/
69696	烟头儿	煙頭兒	 /erhua variant of 煙頭|烟头[yan1 tou2]/
69698	烟碱	煙鹼	 /variant of 菸鹼|烟碱[yan1 jian3]/
69699	烟碱酸	煙鹼酸	 /variant of 菸鹼酸|烟碱酸[yan1 jian3 suan1]/
69717	煞气腾腾	煞氣騰騰	 /variant of 殺氣騰騰|杀气腾腾[sha1 qi4 teng2 teng2]/
69763	照像	照像	 /variant of 照相[zhao4 xiang4]/
69764	照像机	照像機	 /variant of 照相機|照相机[zhao4 xiang4 ji1]/camera/
69867	熄屏	熄屏	 /variant of 息屏[xi1 ping2]/
69906	熏衣草	熏衣草	 /variant of 薰衣草[xun1 yi1 cao3]/
69947	熙壤	熙壤	 /variant of 熙攘[xi1 rang3]/
69950	熙熙壤壤	熙熙壤壤	 /variant of 熙熙攘攘[xi1 xi1 - rang3 rang3]/
70028	热中	熱中	 /variant of 熱衷|热衷[re4 zhong1]/
70044	热呼	熱呼	 /variant of 熱乎|热乎[re4 hu5]/
70045	热呼呼	熱呼呼	 /variant of 熱乎乎|热乎乎[re4 hu1 hu1]/
70244	灯芯	燈芯	 /variant of 燈心|灯心[deng1 xin1]/
70255	燉煌	燉煌	 /variant of 敦煌[Dun1 huang2]/
70461	爆冷门儿	爆冷門兒	 /erhua variant of 爆冷門|爆冷门[bao4 leng3 men2]/
70465	爆击	爆擊	 /variant of 暴擊|暴击[bao4 ji1]/
70494	爆肚儿	爆肚兒	 /erhua variant of 爆肚[bao4 du3]/
70555	烂熳	爛熳	 /variant of 爛漫|烂漫[lan4 man4]/
70558	烂缦	爛縵	 /variant of 爛漫|烂漫[lan4 man4]/
70696	爷们儿	爺們兒	 /erhua variant of 爺們|爷们[ye2 men5]/
70878	牛B	牛B	 /variant of 牛屄[niu2 bi1]/
70959	牛逼	牛逼	 /variant of 牛屄[niu2 bi1]/
71020	牢什子	牢什子	 /variant of 勞什子|劳什子[lao2 shi2 zi5]/
71135	牴牾	牴牾	 /variant of 抵牾[di3 wu3]/
71136	牴触	牴觸	 /variant of 抵觸|抵触[di3 chu4]/
71317	牵联	牽聯	 /variant of 牽連|牵连[qian1 lian2]/
71337	犂靬	犂靬	 /variant of 犁靬[Li2 jian1]/
71364	犟劲儿	犟勁兒	 /erhua variant of 犟勁|犟劲[jiang4 jin4]/
71411	犯憷	犯憷	 /variant of 犯怵[fan4 chu4]/
71420	犯罪分子	犯罪份子	 /variant of 犯罪分子[fan4 zui4 fen4 zi3]/
71605	狡滑	狡滑	 /variant of 狡猾[jiao3 hua2]/
71662	狼籍	狼籍	 /variant of 狼藉[lang2 ji2]/
71667	狼头	狼頭	 /variant of 榔頭|榔头[lang2 tou5]/
71902	独占	獨佔	 /variant of 獨占|独占[du2 zhan4]/
71980	独脚戏	獨腳戲	 /variant of 獨角戲|独角戏[du2 jiao3 xi4]/
72004	独院儿	獨院兒	 /erhua variant of 獨院|独院[du2 yuan4]/
72021	獯鬻	獯鬻	 /variant of 葷粥|荤粥[Xun1 yu4]/
72398	玩儿完	玩兒完	 /erhua variant of 玩完[wan2 wan2]/
72417	玩意儿	玩意兒	 /erhua variant of 玩意[wan2 yi4]/
72433	玩艺	玩藝	 /variant of 玩意[wan2 yi4]/
72434	玩艺儿	玩藝兒	 /variant of 玩意兒|玩意儿[wan2 yi4 r5]/
72524	珍羞	珍羞	 /variant of 珍饈|珍馐[zhen1 xiu1]/
72619	班白	班白	 /variant of 斑白[ban1 bai2]/
72640	班驳	班駁	 /variant of 斑駁|斑驳[ban1 bo2]/
72930	琴酒	琴酒	 /gin (Taiwan variant of 金酒[jin1 jiu3])/
72977	瑜珈	瑜珈	 /variant of 瑜伽[yu2 jia1]/yoga/
73070	玛窦	瑪竇	 /Matthew/St Matthew the evangelist/less common variant of 馬太|马太[Ma3 tai4] (preferred by the Catholic Church)/
73326	瓤儿	瓤兒	 /erhua variant of 瓤[rang2]/
73449	瓮菜	甕菜	 /variant of 蕹菜[weng4 cai4]/
73520	甚巨	甚巨	 /variant of 甚鉅|甚巨[shen4 ju4]/
73966	用钱	用錢	 /variant of 佣錢|佣钱[yong4 qian5]/
74081	甲冑	甲冑	 /variant of 甲胄[jia3 zhou4]/
74228	男孩儿	男孩兒	 /erhua variant of 男孩[nan2 hai2]/
74294	界乎	界乎	 /variant of 介乎[jie4 hu1]/
74374	留海	留海	 /variant of 劉海|刘海[liu2 hai3]/
74395	留连	留連	 /variant of 流連|流连[liu2 lian2]/
74396	留连果	留連果	 /variant of 榴槤果|榴梿果, durian fruit/
74423	畜牲	畜牲	 /variant of 畜生[chu4 sheng5]/
74464	略夺	略奪	 /variant of 掠奪|掠夺[lu:e4 duo2]/
74704	当回事儿	當回事兒	 /erhua variant of 當回事|当回事[dang4 hui2 shi4]/
74902	疙疸	疙疸	 /variant of 疙瘩[ge1 da5]/
74931	疲塌	疲塌	 /variant of 疲沓[pi2 ta5]/
74954	疾恶如仇	疾惡如仇	 /variant of 嫉惡如仇|嫉恶如仇[ji2 e4 - ru2 chou2]/
75158	痰盂儿	痰盂兒	 /erhua variant of 痰盂[tan2 yu2]/
75163	痲疹	痲疹	 /variant of 麻疹[ma2 zhen3]/
75164	痲痹	痲痺	 /variant of 麻痺|麻痹[ma2 bi4]/
75175	痴呆	痴獃	 /variant of 痴呆[chi1 dai1]/
75215	疯瘫	瘋癱	 /variant of 風癱|风瘫[feng1 tan1]/
75236	瘜肉	瘜肉	 /variant of 息肉[xi1 rou4]/
75376	瘾头儿	癮頭兒	 /erhua variant of 癮頭|瘾头[yin3 tou2]/
75407	登场	登場	 /to go on stage/fig. to appear on the scene/used in advertising to mean new product/
75449	登陆	登陸	 /to land/to come ashore/to make landfall (of typhoon etc)/to log in (frequently used erroneous variant of 登錄|登录[deng1 lu4])/
75463	发人深醒	發人深醒	 /variant of 發人深省|发人深省[fa1 ren2 shen1 xing3]/
75467	发布	發佈	 /variant of 發布|发布[fa1 bu4]/
75535	发憷	發憷	 /variant of 發怵|发怵[fa1 chu4]/
75792	白扯蛋	白扯蛋	 /variant of 白扯淡[bai2 che3 dan4]/
75909	白眼珠儿	白眼珠兒	 /erhua variant of 白眼珠[bai2 yan3 zhu1]/
76157	百不杂	百不雜	 /variant of 百不咋[bai3 bu4 za5]/
76225	百废具兴	百廢具興	 /variant of 百廢俱興|百废俱兴[bai3 fei4 ju4 xing1]/
76316	百页窗	百頁窗	 /variant of 百葉窗|百叶窗[bai3 ye4 chuang1]/
76398	皇历	皇曆	 /variant of 黃曆|黄历[huang2 li5]/
76406	皇皇	皇皇	 /magnificent/variant of 惶惶[huang2 huang2]/variant of 遑遑[huang2 huang2]/
76554	皱摺	皺摺	 /variant of 皺折|皱折[zhou4 zhe2]/
76619	盎斯	盎斯	 /variant of 盎司[ang4 si1]/
76819	盘据	盤據	 /variant of 盤踞|盘踞[pan2 ju4]/
76833	盘石	盤石	 /variant of 磐石[pan2 shi2]/
76849	盘跚	盤跚	 /variant of 蹣跚|蹒跚[pan2 shan1]/
76906	荡然	盪然	 /variant of 蕩然|荡然[dang4 ran2]/
77045	直捷了当	直捷了當	 /variant of 直截了當|直截了当[zhi2 jie2 liao3 dang4]/
77064	直升机	直昇機	 /variant of 直升機|直升机[zhi2 sheng1 ji1]/
77327	省分	省分	 /variant of 省份[sheng3 fen4]/
77330	省劲儿	省勁兒	 /erhua variant of 省勁|省劲[sheng3 jin4]/
77372	眇小	眇小	 /variant of 渺小[miao3 xiao3]/
77452	看得过儿	看得過兒	 /erhua variant of 看得過|看得过[kan4 de5 guo4]/
77572	真珠	真珠	 /variant of 珍珠[zhen1 zhu1]/
77606	真象	真象	 /(variant of 真相[zhen1 xiang4]) the truth about sth; the actual facts/
77634	眩目	眩目	 /variant of 炫目[xuan4 mu4]/
77635	眩耀	眩耀	 /giddy; confused/variant of 炫耀[xuan4 yao4]/
77681	眼力见儿	眼力見兒	 /erhua variant of 眼力見|眼力见[yan3 li4 jian4]/
77793	眽眽	眽眽	 /variant of 脈脈|脉脉[mo4 mo4]/
77813	众所周知	眾所週知	 /variant of 眾所周知|众所周知[zhong4 suo3 zhou1 zhi1]/
77937	睪丸	睪丸	 /Taiwan variant of 睾丸[gao1 wan2]/
77948	睽违	睽違	 /variant of 暌違|暌违[kui2 wei2]/
77949	睽隔	睽隔	 /variant of 暌隔[kui2 ge2]/
77975	瞋目	瞋目	 /variant of 嗔目[chen1 mu4]/
78060	了如指掌	瞭如指掌	 /variant of 了如指掌[liao3 ru2 zhi3 zhang3]/
78099	蒙在鼓里	矇在鼓裡	 /variant of 蒙在鼓裡|蒙在鼓里[meng2 zai4 gu3 li3]/
78185	知识分子	知識份子	 /variant of 知識分子|知识分子[zhi1 shi5 fen4 zi3]/
78371	石咀山	石咀山	 /Shijushan or Shizuishan (place name)/variant of Shizuishan 石嘴山[Shi2 zui3 shan1], prefecture-level city in Ningxia on the border with Inner Mongolia/
78372	石咀山区	石咀山區	 /variant of 石嘴山區|石嘴山区[Shi2 zui3 shan1 qu1]/Shizuishan district of Shizuishan, Ningxia/
78373	石咀山市	石咀山市	 /variant of Shizuishan 石嘴山市[Shi2 zui3 shan1 shi4], prefecture-level city in Ningxia on the border with Inner Mongolia/
78556	砂槌	砂槌	 /variant of 沙錘|沙锤[sha1 chui2]/
78566	砂锤	砂錘	 /variant of 沙錘|沙锤[sha1 chui2]/
78581	砌末	砌末	 /variant of 切末[qie4 mo5]/
78593	砍大山	砍大山	 /variant of 侃大山[kan3 da4 shan1]/
78647	砢碜	砢磣	 /variant of 磕磣|磕碜[ke1 chen5]/
78678	炮轰	砲轟	 /variant of 炮轟|炮轰[pao4 hong1]/
78863	硫磺	硫磺	 /variant of 硫黃|硫黄[liu2 huang2]/
78908	硬梆梆	硬梆梆	 /variant of 硬邦邦[ying4 bang1 bang1]/
78987	碎块儿	碎塊兒	 /erhua variant of 碎塊|碎块[sui4 kuai4]/
79015	碑座儿	碑座兒	 /erhua variant of 碑座[bei1 zuo4]/
79019	碑珓	碑珓	 /variant of 杯珓[bei1 jiao4]/
79100	碰瓷儿	碰瓷兒	 /erhua variant of 碰瓷[peng4 ci2]/
79102	碰磁	碰磁	 /variant of 碰瓷[peng4 ci2]/
79169	码瑙	碼瑙	 /variant of 瑪瑙|玛瑙[ma3 nao3]/
79203	磁器	磁器	 /variant of 瓷器[ci2 qi4]/
79320	磨拳擦掌	磨拳擦掌	 /variant of 摩拳擦掌[mo1 quan2 ca1 zhang3]/
79323	磨擦	磨擦	 /variant of 摩擦[mo2 ca1]/
79329	磨炼	磨煉	 /variant of 磨練|磨练[mo2 lian4]/
79350	磨菇	磨菇	 /variant of 蘑菇[mo2 gu5]/
79375	磷磷	磷磷	 /variant of 粼粼[lin2 lin2]/
79667	祛淤	祛淤	 /variant of 祛瘀[qu1 yu1]/
79778	神甫	神甫	 /variant of 神父[shen2 fu5]/
79795	神经原	神經原	 /variant of 神經元|神经元[shen2 jing1 yuan2]/
79860	神雕侠侣	神雕俠侶	 /variant of 神鵰俠侶|神雕侠侣[Shen2 diao1 Xia2 lu:3]/
80263	秀外惠中	秀外惠中	 /variant of 秀外慧中[xiu4 wai4 hui4 zhong1]/
80342	私秘	私秘	 /variant of 私密[si1 mi4]/
80371	秉烛	秉燭	 /variant of 炳燭|炳烛[bing3 zhu2]/
80374	秉赋	秉賦	 /variant of 稟賦|禀赋[bing3 fu4]/
80608	秤坨	秤坨	 /variant of 秤砣[cheng4 tuo2]/
80709	移殖	移殖	 /variant of 移植[yi2 zhi2]/
80726	稀哩哗啦	稀哩嘩啦	 /variant of 稀里嘩啦|稀里哗啦[xi1 li5 hua1 la1]/
80812	稍安勿躁	稍安勿躁	 /variant of 少安毋躁[shao3 an1 wu2 zao4]/
80813	稍安毋躁	稍安毋躁	 /variant of 少安毋躁[shao3 an1 wu2 zao4]/
80855	禀承	稟承	 /variant of 秉承[bing3 cheng2]/
80861	稨豆	稨豆	 /variant of 扁豆[bian3 dou4]/
80995	谷歌	穀歌	 /variant of 谷歌[Gu3 ge1]/
81243	空心儿	空心兒	 /erhua variant of 空心[kong4 xin1]/
81449	窈冥	窈冥	 /variant of 杳冥[yao3 ming2]/
81452	窈霭	窈靄	 /variant of 杳靄|杳霭[yao3 ai3]/
81573	窑姐儿	窯姐兒	 /erhua variant of 窯姐|窑姐[yao2 jie3]/
81811	竦然	竦然	 /variant of 悚然[song3 ran2]/
81822	端五	端五	 /variant of 端午[Duan1 wu3]/
82007	笑涡	笑渦	 /variant of 笑窩|笑窝[xiao4 wo1]/
82018	笑脸儿	笑臉兒	 /erhua variant of 笑臉|笑脸[xiao4 lian3]/
82022	笑话儿	笑話兒	 /erhua variant of 笑話|笑话[xiao4 hua5]/
82197	笔划	筆劃	 /variant of 筆畫|笔画[bi3 hua4]/
82248	等一下儿	等一下兒	 /erhua variant of 等一下[deng3 yi1 xia4]/
82250	等一会儿	等一會兒	 /erhua variant of 等一會|等一会[deng3 yi1 hui4]/
82338	答复	答復	 /variant of 答覆|答复[da2 fu4]/
82349	答讪	答訕	 /variant of 搭訕|搭讪[da1 shan4]/
82375	策画	策畫	 /variant of 策劃|策划[ce4 hua4]/
82563	箭鱼	箭魚	 /variant of 劍魚|剑鱼[jian4 yu2]/
82634	节骨眼儿	節骨眼兒	 /erhua variant of 節骨眼|节骨眼[jie1 gu5 yan3]/
82810	简炼	簡煉	 /variant of 簡練|简练[jian3 lian4]/
82933	筹画	籌畫	 /variant of 籌劃|筹划[chou2 hua4]/
82942	筹马	籌馬	 /variant of 籌碼|筹码[chou2 ma3]/
83173	粗卤	粗鹵	 /variant of 粗魯|粗鲁[cu1 lu3]/
83351	精练	精練	 /(textiles) to scour/to degum (silk)/variant of 精煉|精炼[jing1 lian4]/
83411	糊里糊涂	糊里糊塗	 /variant of 糊裡糊塗|糊里糊涂[hu2 li5 hu2 tu2]/
83469	糜费	糜費	 /variant of 靡費|靡费[mi2 fei4]/
83497	糟踏	糟踏	 /variant of 糟蹋[zao1 ta4]/
83506	糢糊	糢糊	 /variant of 模糊[mo2 hu5]/
83595	纪录	紀錄	" /variant of 記錄|记录[ji4 lu4] (but in Taiwan, not for the verb sense ""to record"")/"
83605	约但	約但	 /variant of 約旦|约旦[Yue1 dan4]/
83606	约但河	約但河	 /variant of 約旦河|约旦河[Yue1 dan4 He2]/
83622	约摸	約摸	 /variant of 約莫|约莫[yue1 mo5]/
83892	红装	紅裝	 /variant of 紅妝|红妆[hong2 zhuang1]/
83902	红通通	紅通通	 /variant of 紅彤彤|红彤彤[hong2 tong1 tong1]/
83967	纹丝儿	紋絲兒	 /erhua variant of 紋絲|纹丝[wen2 si1]/
83969	纹缕儿	紋縷兒	 /erhua variant of 紋縷|纹缕[wen2 lu:3]/
83978	纹身	紋身	 /variant of 文身[wen2 shen1]/
83980	纹面	紋面	 /variant of 文面[wen2 mian4]/
83999	纳闷儿	納悶兒	 /erhua variant of 納悶|纳闷[na4 men4]/
84098	纯朴	純樸	 /variant of 淳樸|淳朴[chun2 pu3]/
84195	纸马儿	紙馬兒	 /erhua variant of 紙馬|纸马[zhi3 ma3]/
84222	纭纭	紜紜	 /variant of 芸芸[yun2 yun2]/
84374	紫菜苔	紫菜苔	 /variant of 紫菜薹[zi3 cai4 tai2]/
84400	扎实	紮實	 /variant of 扎實|扎实[zha1 shi5]/
84413	累坠	累墜	 /variant of 累贅|累赘[lei2 zhui4]/
84662	结帐	結帳	 /variant of 結賬|结账[jie2 zhang4]/
84830	绦纶	絛綸	 /variant of 滌綸|涤纶[di2 lun2]/
84878	给与	給與	 /variant of 給予|给予[ji3 yu3]/
84891	𬘡缊	絪縕	 /variant of 氤氳|氤氲[yin1 yun1]/
85343	维它命	維它命	 /variant of 維他命|维他命[wei2 ta1 ming4]/
85598	绵联	綿聯	 /variant of 綿連|绵连[mian2 lian2]/
85680	绱鞋	緔鞋	 /variant of 上鞋[shang4 xie2]/
85800	编者案	編者案	 /variant of 編者按|编者按[bian1 zhe3 an4]/
85901	绉褶	縐褶	 /variant of 皺褶|皱褶[zhou4 zhe3]/
86055	缥渺	縹渺	 /variant of 飄渺|飘渺[piao1 miao3]/
86056	缥缈	縹緲	 /variant of 飄渺|飘渺[piao1 miao3]/
86099	总会三明治	總會三明治	 /(Tw) club sandwich (variant of 總匯三明治|总汇三明治[zong3 hui4 san1 ming2 zhi4])/
86179	繁冗	繁冗	 /variant of 煩冗|烦冗[fan2 rong3]/
86218	绷巴吊拷	繃巴吊拷	 /variant of 繃扒吊拷|绷扒吊拷[beng1 ba1 diao4 kao3]/
86232	缪思	繆思	 /variant of 繆斯|缪斯[Miu4 si1]/
86430	累累	纍纍	 /variant of 累累[lei2 lei2]/
86518	缺心眼儿	缺心眼兒	 /erhua variant of 缺心眼[que1 xin1 yan3]/
86550	罄竭	罄竭	 /variant of 磬竭[qing4 jie2]/
86554	罄身儿	罄身兒	 /erhua variant of 罄身[qing4 shen1]/
86579	罔两	罔兩	 /variant of 魍魎|魍魉[wang3 liang3]/
86654	置装	置裝	 /variant of 治裝|治装[zhi4 zhuang1]/
86655	置装费	置裝費	 /variant of 治裝費|治装费[zhi4 zhuang1 fei4]/
86745	罗唆	羅唆	 /erroneous variant of 囉唆|啰唆[luo1 suo5]/
86746	罗唣	羅唣	 /variant of 囉唣|啰唣[luo2 zao4]/
86747	罗喉	羅喉	 /variant of 羅睺|罗睺[luo2 hou2]/
86748	罗嗦	羅嗦	 /erroneous variant of 囉唆|啰唆[luo1 suo5]/
86751	罗圈儿	羅圈兒	 /erhua variant of 羅圈|罗圈[luo2 quan1]/
86840	罗皂	羅皂	 /variant of 囉唣|啰唣[luo2 zao4]/
86872	罗锅儿	羅鍋兒	 /erhua variant of 羅鍋|罗锅[luo2 guo1]/
86913	羊桃	羊桃	 /variant of 楊桃|杨桃[yang2 tao2]/carambola/star fruit/
86950	羊角疯	羊角瘋	 /variant of 羊角風|羊角风[yang2 jiao3 feng1]/
87633	老伴儿	老伴兒	 /erhua variant of 老伴[lao3 ban4]/
87638	老家伙	老傢伙	 /variant of 老家伙[lao3 jia1 huo5]/
87687	老奸巨滑	老奸巨滑	 /variant of 老奸巨猾[lao3 jian1 ju4 hua2]/
87703	老客儿	老客兒	 /erhua variant of 老客[lao3 ke4]/
87748	老板	老板	 /variant of 老闆|老板[lao3 ban3]/
88194	耶酥	耶酥	 /variant of 耶穌|耶稣[Ye1 su1]/
88204	耽心	耽心	 /variant of 擔心|担心[dan1 xin1]/
88205	耽忧	耽憂	 /variant of 擔憂|担忧[dan1 you1]/
88235	聊天儿	聊天兒	 /erhua variant of 聊天[liao2 tian1]/
88494	联系	聯係	 /variant of 聯繫|联系[lian2 xi4]/
88540	联接	聯接	 /variant of 連接|连接[lian2 jie1]/
88564	联缀	聯綴	 /variant of 連綴|连缀[lian2 zhui4]/
88565	联绵	聯綿	 /variant of 連綿|连绵[lian2 mian2]/
88575	联号	聯號	 /variant of 連號|连号[lian2 hao4]/
88581	联贯	聯貫	 /variant of 連貫|连贯[lian2 guan4]/
88770	听墙根儿	聽牆根兒	 /erhua variant of 聽牆根|听墙根[ting1 qiang2 gen1]/
88871	肉呼呼	肉呼呼	 /variant of 肉乎乎[rou4 hu1 hu1]/
88967	肏逼	肏逼	 /variant of 肏屄[cao4 bi1]/
88979	肖蛸	肖蛸	 /variant of 蠨蛸|蟏蛸[xiao1 shao1]/
88988	肚儿	肚兒	 /erhua variant of 肚[du3]/
89254	背影儿	背影兒	 /erhua variant of 背影[bei4 ying3]/
89283	背谬	背謬	 /variant of 悖謬|悖谬[bei4 miu4]/
89349	胞子	胞子	 /variant of 孢子[bao1 zi3]/
89371	胡同儿	胡同兒	 /erhua variant of 胡同[hu2 tong4]/
89376	胡涂	胡塗	 /variant of 糊塗|糊涂[hu2 tu5]/
89410	胡牌	胡牌	 /variant of 和牌[hu2 pai2]/
89413	胡琴儿	胡琴兒	 /erhua variant of 胡琴[hu2 qin2]/
89422	胡臭	胡臭	 /variant of 狐臭[hu2 chou4]/
89430	胡蝶	胡蝶	 /variant of 蝴蝶[hu2 die2]/
89606	脂麻	脂麻	 /variant of 芝麻[zhi1 ma5]/
89642	脊令	脊令	 /variant of 鶺鴒|鹡鸰[ji2 ling2]/
89672	脖梗	脖梗	 /variant of 脖頸|脖颈[bo2 geng3]/
89673	脖梗儿	脖梗兒	 /erhua variant of 脖梗[bo2 geng3]/
89674	脖梗子	脖梗子	 /variant of 脖頸子|脖颈子[bo2 geng3 zi5]/
89677	脖颈儿	脖頸兒	 /erhua variant of 脖頸|脖颈[bo2 geng3]/
89748	脱肛	脫疘	 /variant of 脫肛|脱肛[tuo1 gang1]/
89815	胀奶	脹奶	 /variant of 漲奶|涨奶[zhang4 nai3]/
89935	脑性痲痹	腦性痲痺	 /variant of 腦性麻痺|脑性麻痹/cerebral palsy/spasticity/
89960	脑瓜儿	腦瓜兒	 /erhua variant of 腦瓜|脑瓜[nao3 gua1]/
90065	脚指	腳指	 /variant of 腳趾|脚趾[jiao3 zhi3]/
90071	脚根	腳根	 /variant of 腳跟|脚跟[jiao3 gen1]/
90085	脚色	腳色	 /variant of 角色[jue2 se4]/
90107	脚门	腳門	 /variant of 角門|角门[jiao3 men2]/
90109	脚鸭子	腳鴨子	 /variant of 腳丫子|脚丫子[jiao3 ya1 zi5]/
90205	膈肢	膈肢	 /variant of 胳肢[ge2 zhi5]/
90424	脸形	臉形	 /variant of 臉型|脸型, shape of face/physiognomy/
90462	臌胀	臌脹	 /variant of 鼓脹|鼓胀[gu3 zhang4]/
90528	卧薪尝胆	臥薪嚐膽	 /variant of 臥薪嘗膽|卧薪尝胆[wo4 xin1 - chang2 dan3]/
90758	自各儿	自各兒	 /variant of 自個兒|自个儿[zi4 ge3 r5]/
91402	兴高彩烈	興高彩烈	 /variant of 興高采烈|兴高采烈[xing4 gao1 cai3 lie4]/
91578	舒压	舒壓	 /variant of 紓壓|纾压[shu1 ya1]/
91669	舢舨	舢舨	 /variant of 舢板[shan1 ban3]/
91734	般桓	般桓	 /variant of 盤桓|盘桓[pan2 huan2]/
91858	艨冲	艨衝	 /variant of 艨艟[meng2 chong1]/
91918	艰巨	艱巨	 /variant of 艱鉅|艰巨[jian1 ju4]/
92143	芣苡	芣苡	 /variant of 芣苢[fu2 yi3]/
92151	芥茉	芥茉	 /variant of 芥末[jie4 mo5]/
92156	芥兰	芥蘭	 /variant of 芥藍|芥蓝[gai4 lan2]/
92192	芭达雅	芭達雅	 /variant of 帕塔亞|帕塔亚[Pa4 ta3 ya4]/Pattaya or Phatthaya city in Chon Buri province of east Thailand/
92211	花儿	花兒	 /erhua variant of 花[hua1]/
92373	花着	花著	 /variant of 花招[hua1 zhao1]/
92399	花边儿	花邊兒	 /erhua variant of 花邊|花边[hua1 bian1]/
92526	苞谷	苞穀	 /variant of 包穀|包谷[bao1 gu3]/
92528	苞粟	苞粟	 /variant of 包粟[bao1 su4]/
92529	苞藏祸心	苞藏禍心	 /variant of 包藏禍心|包藏祸心[bao1 cang2 - huo4 xin1]/
92563	若望	若望	 /John/Saint John/less common variant of 約翰|约翰[Yue1 han4] preferred by the Catholic Church/
92580	苦不唧儿	苦不唧兒	 /erhua variant of 苦不唧[ku3 bu5 ji1]/
92624	苦活儿	苦活兒	 /erhua variant of 苦活[ku3 huo2]/
92709	英哩	英哩	 /variant of 英里[ying1 li3]/
92830	茄克	茄克	 /variant of 夾克|夹克[jia1 ke4]/
92852	茅竹	茅竹	 /variant of 毛竹[mao2 zhu2]/
93236	庄稼户儿	莊稼戶兒	 /erhua variant of 莊稼戶|庄稼户[zhuang1 jia5 hu4]/
93282	莜麦菜	莜麥菜	 /variant of 油麥菜|油麦菜[you2 mai4 cai4]/
93336	莫明其妙	莫明其妙	 /variant of 莫名其妙[mo4 ming2 qi2 miao4]/
93606	华陀	華陀	 /variant of 華佗|华佗[Hua4 Tuo2]/
93656	烟斗	菸斗	 /variant of 煙斗|烟斗[yan1 dou3]/
93657	烟硷	菸礆	 /variant of 菸鹼|烟碱[yan1 jian3]/
93672	菾菜	菾菜	 /variant of 甜菜[tian2 cai4]/
93941	萹豆	萹豆	 /variant of 扁豆[bian3 dou4]/
93997	落漠	落漠	 /variant of 落寞[luo4 mo4]/
94008	落腮胡子	落腮鬍子	 /variant of 絡腮鬍子|络腮胡子[luo4 sai1 hu2 zi5]/
94017	落莫	落莫	 /variant of 落寞[luo4 mo4]/
94154	着边儿	著邊兒	 /erhua variant of 著邊|着边[zhao2 bian1]/
94368	蒙骗	蒙騙	 /variant of 矇騙|蒙骗[meng1 pian4]/
94375	蒜苔	蒜苔	 /variant of 蒜薹[suan4 tai2]/
94377	蒜茸	蒜茸	 /variant of 蒜蓉[suan4 rong2]/
94466	苍惶	蒼惶	 /variant of 倉皇|仓皇[cang1 huang2]/
94498	苍黄	蒼黃	 /greenish yellow/sallow (pale or yellow complexion)/variant of 倉皇|仓皇[cang1 huang2]/
94741	蔫儿	蔫兒	 /erhua variant of 蔫[nian1]/
94774	蕃庑	蕃廡	 /variant of 繁蕪|繁芜[fan2 wu2]/
94775	蕃茄	蕃茄	 /variant of 番茄[fan1 qie2]/
94776	蕃衍	蕃衍	 /variant of 繁衍[fan2 yan3]/
94785	蕉萃	蕉萃	 /variant of 憔悴[qiao2 cui4]/
94810	蕠藘	蕠藘	 /variant of 茹藘, Rubia cordifolia or Rubia akane, roots used as red dye/
94854	萧洒	蕭灑	 /variant of 瀟灑|潇洒[xiao1 sa3]/
95139	藉以	藉以	 /variant of 借以[jie4 yi3]/
95147	藊豆	藊豆	 /variant of 扁豆[bian3 dou4]/
95192	蓝缕	藍縷	 /variant of 襤褸|褴褛[lan2 lu:3]/
95285	藐小	藐小	 /variant of 渺小[miao3 xiao3]/
95367	药方儿	藥方兒	 /erhua variant of 藥方|药方[yao4 fang1]/
95373	药水儿	藥水兒	 /erhua variant of 藥水|药水[yao4 shui3]/
95460	芦鳗	蘆鰻	 /variant of 鱸鰻|鲈鳗[lu2 man2], giant mottled eel (Anguilla marmorata)/
95549	苏门达腊	蘇門達臘	 /variant of 蘇門答臘|苏门答腊[Su1 men2 da2 la4]/
95553	苏黎士	蘇黎士	 /variant of 蘇黎世|苏黎世[Su1 li2 shi4]/
95672	萝艻	蘿艻	 /old variant of 羅勒|罗勒[luo2 le4]/
95732	虎魄	虎魄	 /variant of 琥珀[hu3 po4]/
95764	处女座	處女座	 /Virgo (constellation and sign of the zodiac)/popular variant of 室女座[Shi4 nu:3 zuo4]/
95890	号咷	號咷	 /variant of 號啕|号啕[hao2 tao2]/
95892	号啕	號啕	 /variant of 嚎啕[hao2 tao2]/
95893	号啕大哭	號啕大哭	 /variant of 嚎啕大哭[hao2 tao2 - da4 ku1]/
96076	蛋卷儿	蛋卷兒	 /erhua variant of 蛋卷[dan4 juan3]/
96286	蜥易	蜥易	 /variant of 蜥蜴[xi1 yi4]/
96311	蜻蝏	蜻蝏	 /variant of 蜻蜓[qing1 ting2]/
96322	蝄蜽	蝄蜽	 /variant of 魍魎|魍魉[wang3 liang3]/
96372	虾蟆	蝦蟆	 /variant of 蛤蟆[ha2 ma5]/
96378	虱目鱼	蝨目魚	 /variant of 虱目魚|虱目鱼[shi1 mu4 yu2]/
96389	蝳蝐	蝳蝐	 /variant of 玳瑁[dai4 mao4]/hawksbill turtle/
96436	融汇贯通	融匯貫通	 /variant of 融會貫通|融会贯通[rong2 hui4 - guan4 tong1]/
96470	蚂蜂	螞蜂	 /variant of 馬蜂|马蜂[ma3 feng1]/
96486	萤光	螢光	 /Taiwan variant of 熒光|荧光[ying2 guang1]/
96488	萤光棒	螢光棒	 /Taiwan variant of 熒光棒|荧光棒[ying2 guang1 bang4]/
96489	萤光灯	螢光燈	 /Taiwan variant of 熒光燈|荧光灯[ying2 guang1 deng1]/
96580	蝈蝈儿	蟈蟈兒	 /erhua variant of 蟈蟈|蝈蝈[guo1 guo5]/
96604	蟠据	蟠據	 /variant of 盤踞|盘踞[pan2 ju4]/
96605	蟠曲	蟠曲	 /variant of 盤曲|盘曲[pan2 qu1]/
96606	蟠根错节	蟠根錯節	 /variant of 盤根錯節|盘根错节[pan2 gen1 cuo4 jie2]/
96608	蟠石	蟠石	 /variant of 磐石[pan2 shi2]/
96609	蟠踞	蟠踞	 /variant of 盤踞|盘踞[pan2 ju4]/
96725	蜡梅	蠟梅	 /variant of 臘梅|腊梅[la4 mei2]/
96745	蠢才	蠢才	 /variant of 蠢材[chun3 cai2]/
96772	蠲吉	蠲吉	 /variant of 涓吉[juan1 ji2]/
96798	蚕薄	蠶薄	 /variant of 蠶箔|蚕箔[can2 bo2]/
97206	胡同	衚衕	 /variant of 胡同[hu2 tong4]/
97367	衣钩儿	衣鉤兒	 /erhua variant of 衣鉤|衣钩[yi1 gou1]/
97544	袖筒儿	袖筒兒	 /erhua variant of 袖筒[xiu4 tong3]/
97592	被窝儿	被窩兒	 /erhua variant of 被窩|被窝[bei4 wo1]/
97608	裤子	袴子	 /variant of 褲子|裤子, trousers/pants/
97613	袷袄	袷襖	 /variant of 夾襖|夹袄[jia2 ao3]/
97689	里面	裏面	 /variant of 裡面|里面[li3 mian4]/
97718	裙摆	裙擺	 /variant of 裙襬|裙摆[qun2 bai3]/
97796	补钉	補釘	 /variant of 補丁|补丁[bu3 ding5]/
97797	补阙	補闕	 /old variant of 補缺|补缺[bu3 que1]/
97800	补靪	補靪	 /variant of 補丁|补丁[bu3 ding5]/
97804	装B	裝B	 /variant of 裝屄|装屄[zhuang1 bi1]/
97832	装璜	裝璜	 /variant of 裝潢|装潢[zhuang1 huang2]/
97853	装逼	裝逼	 /variant of 裝屄|装屄[zhuang1 bi1]/
97883	里边儿	裡邊兒	 /erhua variant of 裡邊|里边[li3 bian5]/
98002	复刻	複刻	 /variant of 復刻|复刻[fu4 ke4]/
98033	复习	複習	 /variant of 復習|复习[fu4 xi2]/
98047	复迭	複迭	 /variant of 複疊|复叠[fu4 die2]/
98112	褓姆	褓姆	 /variant of 保姆[bao3 mu3]/
98113	褓母	褓母	 /variant of 保姆[bao3 mu3]/
98214	裣衽	襝衽	 /variant of 斂衽|敛衽[lian3 ren4]/
98469	西蓝花	西藍花	 /variant of 西蘭花|西兰花[xi1 lan2 hua1]/
98495	西边儿	西邊兒	 /erhua variant of 西邊|西边[xi1 bian1]/
98544	要功	要功	 /variant of 邀功[yao1 gong1]/
98564	要末	要末	 /variant of 要麼|要么[yao4 me5]/
98593	要买人心	要買人心	 /variant of 邀買人心|邀买人心[yao1 mai3 ren2 xin1]/
98630	复迭	覆迭	 /variant of 覆疊|覆叠[fu4 die2]/
98631	复述	覆述	 /variant of 複述|复述[fu4 shu4]/
98731	规戒	規戒	 /variant of 規誡|规诫[gui1 jie4]/
98918	觑忽	覷忽	 /variant of 覷糊|觑糊[qu4 hu5]/
99094	解廌	解廌	 /variant of 獬豸[xie4 zhi4]/
99170	解铃还需系铃人	解鈴還需繫鈴人	 /variant of 解鈴還須繫鈴人|解铃还须系铃人[jie3 ling2 hai2 xu1 xi4 ling2 ren2]/
99226	触楣头	觸楣頭	 /variant of 觸霉頭|触霉头[chu4 mei2 tou2]/
99297	言词	言詞	 /variant of 言辭|言辞[yan2 ci2]/
99331	订亲	訂親	 /variant of 定親|定亲[ding4 qin1]/
99376	计画	計畫	 /variant of 計劃|计划[ji4 hua4]/
99436	讨底儿	討底兒	 /erhua variant of 討底|讨底[tao3 di3]/
99461	训戒	訓戒	 /variant of 訓誡|训诫[xun4 jie4]/
99487	托辞	託辭	 /variant of 託詞|托词[tuo1 ci2]/
99504	记念	記念	 /to commemorate; to honor the memory of (variant of 紀念|纪念[ji4 nian4])/
99541	记录片	記錄片	 /variant of 紀錄片|纪录片[ji4 lu4 pian4]/
99657	诃叱	訶叱	 /variant of 呵斥[he1 chi4]/
99659	诃斥	訶斥	 /variant of 呵斥[he1 chi4]/
99660	诃谴	訶譴	 /variant of 呵譴|呵谴[he1 qian3]/
99679	注释	註釋	 /variant of 注釋|注释[zhu4 shi4]/
99758	评鉴	評鑒	 /variant of 評鑑|评鉴[ping2 jian4]/
99774	词令	詞令	 /variant of 辭令|辞令[ci2 ling4]/
99778	词汇	詞匯	 /variant of 詞彙|词汇[ci2 hui4]/
99848	试手儿	試手兒	 /erhua variant of 試手|试手[shi4 shou3]/
99973	话茬儿	話茬兒	 /erhua variant of 話茬|话茬[hua4 cha2]/
100068	认人儿	認人兒	 /erhua variant of 認人|认人[ren4 ren2]/
100082	认死理儿	認死理兒	 /erhua variant of 認死理|认死理[ren4 si3 li3]/
100248	诬蔑	誣蔑	 /variant of 誣衊|诬蔑[wu1 mie4]/
100359	说着玩儿	說著玩兒	 /erhua variant of 說著玩|说着玩[shuo1 zhe5 wan2]/
100406	课金	課金	 /tax levied on a conquered people by an army/fee for a divination session/variant of 氪金[ke4 jin1], in-app purchase (gaming)/
100532	调门儿	調門兒	 /erhua variant of 調門|调门[diao4 men2]/
100538	调头	調頭	 /variant of 掉頭|掉头[diao4 tou2]/
100734	讽谕	諷諭	 /variant of 諷喻|讽喻[feng3 yu4]/
100888	讲台	講台	 /variant of 講臺|讲台[jiang3 tai2]/
101001	哗然	譁然	 /variant of 嘩然|哗然[hua2 ran2]/
101103	谱系	譜係	 /variant of 譜系|谱系[pu3 xi4]/
101162	警诫	警誡	 /variant of 警戒[jing3 jie4]/
101219	谴呵	譴呵	 /variant of 譴訶|谴诃[qian3 he1]/
101371	变样儿	變樣兒	 /erhua variant of 變樣|变样[bian4 yang4]/
101438	宴飨	讌饗	 /variant of 宴饗|宴飨[yan4 xiang3]/
101454	让坐	讓坐	 /variant of 讓座|让座[rang4 zuo4]/
101476	赞同	讚同	 /variant of 贊同|赞同[zan4 tong2]/
101505	豁拳	豁拳	 /variant of 划拳[hua2 quan2]/
101506	豁楞	豁楞	 /(dialect) (variant of 劐弄[huo1 leng5]) to mix/to stir/to make trouble/
101513	豆干	豆乾	 /variant of 豆干[dou4 gan1]/
101517	豆寇年华	豆寇年華	 /erroneous variant of 豆蔻年華|豆蔻年华[dou4 kou4 nian2 hua2]/
101560	豆角儿	豆角兒	 /erhua variant of 豆角[dou4 jiao3]/
101692	象样	象樣	 /variant of 像樣|像样[xiang4 yang4]/
101701	象话	象話	 /variant of 像話|像话[xiang4 hua4]/
101740	豫告	豫告	 /variant of 預告|预告[yu4 gao4]/to forecast/to predict/advance notice/
101832	猫匿	貓匿	 /variant of 貓膩|猫腻[mao1 ni4]/
101849	猫眼儿	貓眼兒	 /erhua variant of 貓眼|猫眼[mao1 yan3]/
101905	贝壳儿	貝殼兒	 /erhua variant of 貝殼|贝壳[bei4 ke2]/
102177	贪得无餍	貪得無饜	 /variant of 貪得無厭|贪得无厌[tan1 de2 wu2 yan4]/
102191	贪玩儿	貪玩兒	 /erhua variant of 貪玩|贪玩[tan1 wan2]/
102245	赀财	貲財	 /variant of 資財|资财[zi1 cai2]/
102248	贰心	貳心	 /variant of 二心[er4 xin1]/
102347	买账	買賬	 /variant of 買帳|买帐[mai3 zhang4]/
102372	费劲儿	費勁兒	 /erhua variant of 費勁|费劲[fei4 jin4]/
102403	费话	費話	 /to talk at length/to waste one's breath/variant of 廢話|废话[fei4 hua4]/
102456	贸易夥伴	貿易夥伴	 /variant of 貿易伙伴|贸易伙伴[mao4 yi4 huo3 ban4]/
102510	赅博	賅博	 /variant of 該博|该博[gai1 bo2]/
102619	赊帐	賒帳	 /variant of 賒賬|赊账[she1 zhang4]/
102657	赒济	賙濟	 /variant of 周濟|周济[zhou1 ji4]/
102668	赐与	賜與	 /variant of 賜予|赐予[ci4 yu3]/
102711	贤惠	賢惠	 /variant of 賢慧|贤慧[xian2 hui4]/
102782	赋与	賦與	 /variant of 賦予|赋予[fu4 yu3]/
102979	赠与	贈與	 /variant of 贈予|赠予[zeng4 yu3]/
103011	赢余	贏餘	 /variant of 盈餘|盈余[ying2 yu2]/
103075	赤老	赤老	 /variant of 赤佬[chi4 lao3]/
103198	走味儿	走味兒	 /erhua variant of 走味[zou3 wei4]/
103257	走背字儿	走背字兒	 /erhua variant of 走背字[zou3 bei4 zi4]/
103325	起名儿	起名兒	 /erhua variant of 起名[qi3 ming2]/
103335	起小儿	起小兒	 /erhua variant of 起小[qi3 xiao3]/
103400	起运	起運	 /variant of 啟運|启运[qi3 yun4]/
103423	趁心	趁心	 /variant of 稱心|称心[chen4 xin1]/
103426	趁早儿	趁早兒	 /erhua variant of 趁早[chen4 zao3]/
103431	趁钱	趁錢	 /variant of 稱錢|称钱[chen4 qian2]/
103432	趁愿	趁願	 /variant of 稱願|称愿[chen4 yuan4]/
103482	超渡	超渡	 /variant of 超度[chao1 du4]/
103790	跂望	跂望	 /variant of 企望[qi3 wang4]/
103806	跌交	跌交	 /variant of 跌跤[die1 jiao1]/
103828	跌荡	跌蕩	 /variant of 跌宕[die1 dang4]/
104133	跳踉	跳踉	 /variant of 跳梁[tiao4 liang2]/
104152	局促	跼促	 /variant of 侷促|局促[ju2 cu4]/
104157	踅子	踅子	 /variant of 茓子[xue2 zi5]/
104164	踉𬧀	踉蹡	 /variant of 踉蹌|踉跄[liang4 qiang4]/
104212	踟躇	踟躇	 /variant of 踟躕|踟蹰[chi2 chu2]/
104270	蹀血	蹀血	 /variant of 喋血[die2 xue4]/
104309	蹚浑水	蹚渾水	 /variant of 趟渾水|趟浑水[tang1 hun2 shui3]/
104325	蹦儿	蹦兒	 /erhua variant of 蹦[beng4]/
104334	蹦达	蹦達	 /variant of 蹦躂|蹦跶[beng4 da5]/
104336	蹦高儿	蹦高兒	 /erhua variant of 蹦高[beng4 gao1]/
104338	蹧塌	蹧塌	 /variant of 糟蹋[zao1 ta4]/
104339	蹧蹋	蹧蹋	 /variant of 糟蹋[zao1 ta4]/
104376	蹴踘	蹴踘	 /variant of 蹴鞠[cu4 ju1]/
104412	踌蹰	躊躕	 /variant of 躊躇|踌躇[chou2 chu2]/
104449	蹑脚根	躡腳根	 /variant of 躡腳跟|蹑脚跟[nie4 jiao3 gen1]/
104487	身分	身分	 /variant of 身份[shen1 fen4]/
104488	身分证	身分證	 /variant of 身份證|身份证[shen1 fen4 zheng4]/
104489	身分证号码	身分證號碼	 /variant of 身份證號碼|身份证号码[shen1 fen4 zheng4 hao4 ma3]/I.D. number/
104522	身板儿	身板兒	 /erhua variant of 身板[shen1 ban3]/
104607	车份儿	車份兒	 /erhua variant of 車份|车份[che1 fen4]/
104654	车箱	車箱	 /variant of 車廂|车厢[che1 xiang1]/
104883	软泥儿	軟泥兒	 /erhua variant of 軟泥|软泥[ruan3 ni2]/
104963	轶事	軼事	 /variant of 逸事[yi4 shi4]/
104965	轶尘	軼塵	 /variant of 逸塵|逸尘[yi4 chen2]/
104966	轶群	軼群	 /variant of 逸群[yi4 qun2]/
104976	较劲儿	較勁兒	 /erhua variant of 較勁|较劲[jiao4 jin4]/
104987	较真儿	較真兒	 /erhua variant of 較真|较真[jiao4 zhen1]/
105035	挽近	輓近	 /old variant of 晚近[wan3 jin4]/
105195	轮回	輪回	 /variant of 輪迴|轮回[lun2 hui2]/
105242	辑穆	輯穆	 /variant of 輯睦|辑睦[ji2 mu4]/
105304	辗轧	輾軋	 /variant of 碾軋|碾轧[nian3 ya4]/
105485	转轴儿	轉軸兒	 /erhua variant of 轉軸|转轴[zhuan4 zhou2]/
105497	转游	轉遊	 /variant of 轉悠|转悠[zhuan4 you5]/
105506	转铃儿	轉鈴兒	 /erhua variant of 轉鈴|转铃[zhuan4 ling2]/
105530	𫐘轲	轗軻	 /(literary) variant of 坎坷[kan3 ke3]/
105667	辞典	辭典	 /dictionary (variant of 詞典|词典[ci2 dian3])/CL:本[ben3],部[bu4]/
105687	辩别	辯別	 /variant of 辨別|辨别[bian4 bie2]/
105862	迎头儿	迎頭兒	 /erhua variant of 迎頭|迎头[ying2 tou2]/
106048	迷之	迷之	 /variant of 謎之|谜之[mi2 zhi1]/
106160	追根究底儿	追根究底兒	 /erhua variant of 追根究底[zhui1 gen1 jiu1 di3]/
106253	退色	退色	 /variant of 褪色[tui4 se4]/also pr. [tui4 shai3]/
106436	透澈	透澈	 /variant of 透徹|透彻[tou4 che4]/
106504	逗笑儿	逗笑兒	 /erhua variant of 逗笑[dou4 xiao4]/
106509	逗遛	逗遛	 /variant of 逗留[dou4 liu2]/
106534	这末	這末	 /variant of 這麼|这么[zhe4 me5]/
106538	这疙瘩	這疙瘩	 /variant of 這嘎達|这嘎达[zhei4 ga1 da5]/
106541	这里	這裏	 /variant of 這裡|这里[zhe4 li3]/
106545	这边儿	這邊兒	 /erhua variant of 這邊|这边[zhe4 bian1]/
106553	这么	這麽	 /variant of 這麼|这么[zhe4 me5]/
106601	通太	通太	 /variant of 通泰[tong1 tai4]/
106934	连结	連結	 /variant of 聯結|联结[lian2 jie2]/(Tw) link (on a website); hyperlink/
106937	连络	連絡	 /variant of 聯絡|联络[lian2 luo4]/
106942	连绵词	連綿詞	 /variant of 聯綿詞|联绵词[lian2 mian2 ci2]/
106960	连翩	連翩	 /variant of 聯翩|联翩[lian2 pian1]/
106965	连袂	連袂	 /variant of 聯袂|联袂[lian2 mei4]/
107034	周游	週游	 /variant of 周遊|周游, to tour/to travel around/
107038	周游	週遊	 /variant of 周遊|周游, to tour/to travel around/
107039	周长	週長	 /variant of 周長|周长[zhou1 chang2]/
107065	进帐	進帳	 /variant of 進賬|进账[jin4 zhang4]/
107133	逸事遗闻	逸事遺聞	 /variant of 軼事遺聞|轶事遗闻[yi4 shi4 yi2 wen2]/
107141	逸闻	逸聞	 /variant of 軼聞|轶闻[yi4 wen2]/
107245	游抏	遊抏	 /old variant of 遊玩|游玩[you2 wan2]/
107301	运匠	運匠	 /variant of 運將|运将[yun4 jiang4]/
107383	过份	過份	 /variant of 過分|过分[guo4 fen4]/
107765	遛弯儿	遛彎兒	 /erhua variant of 遛彎|遛弯[liu4 wan1]/
107900	遨翔	遨翔	 /variant of 翱翔[ao2 xiang2]/
108295	邈远	邈遠	 /variant of 渺遠|渺远[miao3 yuan3]/
108377	邕邕	邕邕	 /variant of 雍雍[yong1 yong1]/
108422	那昝	那昝	 /variant of 那咱[na4 zan5]/
108430	那末	那末	 /variant of 那麼|那么[na4 me5]/
108432	那知	那知	 /variant of 哪知[na3 zhi1]/
108447	那么	那麽	 /variant of 那麼|那么[na4 me5]/
108492	邱比特	邱比特	 /(Tw) variant of 丘比特[Qiu1 bi3 te4]/
108683	都卜勒	都卜勒	 /variant of 多普勒[Duo1 pu3 le4]/
108881	邻佑	鄰佑	 /variant of 鄰右|邻右[lin2 you4]/
108920	酆都	酆都	 /old variant of 豐都|丰都[Feng1 du1]/Fengdu county Chongqing municipality/name of a famous necropolis/
109024	酒令儿	酒令兒	 /erhua variant of 酒令[jiu3 ling4]/
109067	酒涡	酒渦	 /variant of 酒窩|酒窝[jiu3 wo1]/
109295	醉熏熏	醉熏熏	 /variant of 醉醺醺[zui4 xun1 xun1]/
109310	醋劲儿	醋勁兒	 /erhua variant of 醋勁|醋劲[cu4 jin4]/
109444	酦酵	醱酵	 /variant of 發酵|发酵[fa1 jiao4]/
109673	重活儿	重活兒	 /erhua variant of 重活[zhong4 huo2]/
109735	重复	重覆	 /variant of 重複|重复[chong2 fu4]/
109762	重迭	重迭	 /variant of 重疊|重叠[chong2 die2]/
109946	金匮	金匱	 /variant of 金櫃|金柜[jin1 gui4]/
109947	金匮石室	金匱石室	 /variant of 金櫃石室|金柜石室[jin1 gui4 shi2 shi4]/
110256	钉书针	釘書針	 /variant of 訂書針|订书针[ding4 shu1 zhen1]/
110299	针箍儿	針箍兒	 /erhua variant of 針箍|针箍[zhen1 gu1]/
110329	钓钩儿	釣鉤兒	 /erhua variant of 釣鉤|钓钩[diao4 gou1]/
110345	扣眼儿	釦眼兒	 /erhua variant of 釦眼|扣眼[kou4 yan3]/
110378	钩稽	鈎稽	 /variant of 鉤稽|钩稽[gou1 ji1]/
110391	钮扣	鈕釦	 /variant of 紐扣|纽扣[niu3 kou4]/
110432	钜子	鉅子	 /(Mohism) master; leader (variant of 鉅子|巨子[ju4 zi3])/
110435	巨款	鉅款	 /variant of 巨款[ju4 kuan3]/
110437	巨额	鉅額	 /variant of 巨額|巨额[ju4 e2]/
110461	铆起来	鉚起來	 /variant of 卯起來|卯起来[mao3 qi3 lai5]/
110488	钩儿	鉤兒	 /erhua variant of 鉤|钩[gou1]/
110493	钩心斗角	鉤心鬥角	 /variant of 勾心鬥角|勾心斗角[gou1 xin1 dou4 jiao3]/
110775	锋铓	鋒鋩	 /variant of 鋒芒|锋芒[feng1 mang2]/
110937	录相	錄相	 /variant of 錄像|录像[lu4 xiang4]/
110939	录象	錄象	 /variant of 錄像|录像[lu4 xiang4]/
110988	钱串儿	錢串兒	 /erhua variant of 錢串|钱串[qian2 chuan4]/
111129	表盘	錶盤	 /variant of 表盤|表盘[biao3 pan2]/watch face/
111231	鎏金	鎏金	 /variant of 鎦金|镏金[liu2 jin1]/
111235	镕炉	鎔爐	 /variant of 熔爐|熔炉, smelting furnace/forge/
111423	镖枪	鏢槍	 /variant of 標槍|标枪[biao1 qiang1]/
111527	铁哥们儿	鐵哥們兒	 /erhua variant of 鐵哥們|铁哥们[tie3 ge1 men5]/
111626	铁钩儿	鐵鈎兒	 /erhua variant of 鐵鈎|铁钩[tie3 gou1]/
111775	凿死卯子	鑿死卯子	 /variant of 鑿死鉚子|凿死铆子[zao2 si3 mao3 zi5]/
111982	长统靴	長統靴	 /variant of 長筒靴|长筒靴[chang2 tong3 xue1]/
112075	门地	門地	 /variant of 門第|门第[men2 di4]/
112076	门坎	門坎	 /variant of 門檻|门槛[men2 kan3]/
112077	门坎儿	門坎兒	 /erhua variant of 門坎|门坎[men2 kan3]/
112108	门栓	門栓	 /variant of 門閂|门闩[men2 shuan1]/
112163	闪亮儿	閃亮兒	 /erhua variant of 閃亮|闪亮[shan3 liang4]/
112205	闪铄	閃鑠	 /variant of 閃爍|闪烁[shan3 shuo4]/
112305	开国元勋	開國元勛	 /variant of 開國元勳|开国元勋, founding figure (of country or dynasty)/founding father/fig. also used of company, school etc/
112428	开消	開消	 /variant of 開銷|开销[kai1 xiao1]/
112502	开花儿	開花兒	 /erhua variant of 開花|开花[kai1 hua1]/
112521	开诚布公	開誠佈公	 /variant of 開誠布公|开诚布公[kai1 cheng2 bu4 gong1]/
112595	闲人	閑人	 /variant of 閒人|闲人[xian2 ren2]/
112608	闲谈	閑談	 /variant of 閒談|闲谈[xian2 tan2]/
112710	闺密	閨密	 /variant of 閨蜜|闺蜜[gui1 mi4]/
112815	阔老	闊老	 /variant of 闊佬|阔佬[kuo4 lao3]/
112825	阑干	闌干	 /(literary) crisscross/uneven/disorderly/rim of the eye/variant of 欄杆|栏杆[lan2 gan1]/
112842	阖家	闔家	 /variant of 合家[he2 jia1]/
112949	关系	關系	 /variant of 關係|关系[guan1 xi5]/
112959	关连	關連	 /variant of 關聯|关联[guan1 lian2]/
113015	阢陧	阢隉	 /variant of 杌隉|杌陧[wu4 nie4]/
113160	阻桡	阻橈	 /variant of 阻撓|阻挠[zu3 nao2]/
113223	阿初佛	阿初佛	 /erroneous variant of 阿閦佛, Aksobhya, the imperturbable ruler of Eastern Paradise, Abhirati/
113245	阿嘿颜	阿嘿顏	 /variant of 阿黑顏|阿黑颜[a1 hei1 yan2]/
113293	阿弗洛狄忒	阿弗洛狄忒	 /variant of 阿佛洛狄忒[A1 fu2 luo4 di2 te4]/
113354	阿斯匹林	阿斯匹林	 /aspirin (loanword) (variant of 阿司匹林[a1 si1 pi3 lin2])/
113392	阿沙力	阿沙力	 /variant of 阿莎力[a1 sha1 li4]/
113460	阿卢巴	阿盧巴	 /Aruba, variant of 阿魯巴|阿鲁巴[A1 lu3 ba1]/
113473	阿美尼亚	阿美尼亞	 /variant of 亞美尼亞|亚美尼亚[Ya4 mei3 ni2 ya4], Armenia/
114113	阳台	陽台	 /variant of 陽臺|阳台[yang2 tai2]/
114153	阳萎	陽萎	 /variant of 陽痿|阳痿[yang2 wei3]/
114249	隔三岔五	隔三岔五	 /variant of 隔三差五[ge2 san1 - cha4 wu3]/
114287	陨命	隕命	 /variant of 殞命|殒命[yun3 ming4]/to die/to perish/
114497	隐身草儿	隱身草兒	 /erhua variant of 隱身草|隐身草[yin3 shen1 cao3]/
114654	雅片	雅片	 /variant of 鴉片|鸦片[ya1 pian4]/
114817	雍穆	雍穆	 /variant of 雍睦[yong1 mu4]/
114830	雕弊	雕弊	 /variant of 凋敝[diao1 bi4]/
114831	雕敝	雕敝	 /variant of 凋敝[diao1 bi4]/
114838	雕落	雕落	 /variant of 凋落[diao1 luo4]/
114841	雕谢	雕謝	 /variant of 凋謝|凋谢[diao1 xie4]/
114844	雕零	雕零	 /variant of 凋零[diao1 ling2]/
114915	双截棍	雙截棍	 /variant of 雙節棍|双节棍[shuang1 jie2 gun4]/
114980	双瞳翦水	雙瞳翦水	 /variant of 雙瞳剪水|双瞳剪水[shuang1 tong2 - jian3 shui3]/
115087	杂和面儿	雜和麵兒	 /erhua variant of 雜和麵|杂和面[za2 huo5 mian4]/
115104	杂拌儿	雜拌兒	 /erhua variant of 雜拌|杂拌[za2 ban4]/
115112	杂牌儿	雜牌兒	 /erhua variant of 雜牌|杂牌[za2 pai2]/
115140	杂遝	雜遝	 /variant of 雜沓|杂沓[za2 ta4]/
115162	鸡奸	雞奸	 /variant of 雞姦|鸡奸[ji1 jian1]/
115277	离谱儿	離譜兒	 /erhua variant of 離譜|离谱[li2 pu3]/
115471	雪里红	雪裡紅	 /variant of 雪裡蕻|雪里蕻[xue3 li3 hong2]/
115489	雰围	雰圍	 /variant of 氛圍|氛围[fen1 wei2]/
115544	云豆	雲豆	 /variant of 芸豆[yun2 dou4]/
115568	零丁	零丁	 /variant of 伶仃[ling2 ding1]/
115620	零杂儿	零雜兒	 /erhua variant of 零雜|零杂[ling2 za2]/
115647	雷姆斯汀	雷姆斯汀	 /variant of 德國戰車|德国战车, Rammstein (German metal band)/
115938	电视台	電視臺	 /variant of 電視台|电视台[dian4 shi4 tai2]/
116058	霉干菜	霉乾菜	 /variant of 梅乾菜|梅干菜[mei2 gan1 cai4]/
116067	霉雨	霉雨	 /variant of 梅雨[mei2 yu3]/
116071	霍丘	霍丘	 /variant of 霍邱[Huo4 qiu1]/Huoqiu county in Lu'an 六安[Lu4 an1], Anhui/Huoqiu (place in Anhui)/
116185	霪雨	霪雨	 /variant of 淫雨[yin2 yu3]/
116226	露馅儿	露餡兒	 /erhua variant of 露餡|露馅[lou4 xian4]/
116696	非盈利	非盈利	 /erroneous variant of 非營利|非营利[fei1 ying2 li4]/
116697	非盈利组织	非盈利組織	 /erroneous variant of 非營利組織|非营利组织[fei1 ying2 li4 zu3 zhi1]/
116737	靠夭	靠夭	 /variant of 靠腰[kao4 yao1]/
116861	䩄觍	靦覥	 /variant of 靦腆|腼腆[mian3 tian3]/
116893	靰鞡	靰鞡	 /variant of 烏拉|乌拉[wu4 la5]/
116975	鞝鞋	鞝鞋	 /variant of 上鞋[shang4 xie2]/
117268	顶刮刮	頂刮刮	 /variant of 頂呱呱|顶呱呱[ding3 gua1 gua1]/
117279	顶尖儿	頂尖兒	 /erhua variant of 頂尖|顶尖[ding3 jian1]/
117457	颂辞	頌辭	 /variant of 頌詞|颂词[song4 ci2]/
117490	预会	預會	 /variant of 與會|与会[yu4 hui4]/
117554	颁白	頒白	 /variant of 斑白[ban1 bai2]/
117696	头半天儿	頭半天兒	 /erhua variant of 頭半天|头半天[tou2 ban4 tian1]/
117730	头昏脑涨	頭昏腦漲	 /variant of 頭昏腦脹|头昏脑胀[tou2 hun1 - nao3 zhang4]/
117737	头晕脑涨	頭暈腦漲	 /variant of 頭暈腦脹|头晕脑胀[tou2 yun1 nao3 zhang4]/
117782	头脸儿	頭臉兒	 /erhua variant of 頭臉|头脸[tou2 lian3]/
117981	颠峰	顛峰	 /variant of 巔峰|巅峰[dian1 feng1]/
118060	颤栗	顫慄	 /variant of 戰慄|战栗[zhan4 li4]/
118101	显白	顯白	 /variant of 顯擺|显摆[xian3 bai5]/
118313	风魔	風魔	 /variant of 瘋魔|疯魔[feng1 mo2]/
118349	飘泊	飄泊	 /variant of 漂泊[piao1 bo2]/
118350	飘洋	飄洋	 /variant of 漂洋[piao1 yang2]/
118351	飘流	飄流	 /variant of 漂流[piao1 liu2]/
118359	飘缈	飄緲	 /variant of 飄渺|飘渺[piao1 miao3]/
118368	飘飖	飄颻	 /variant of 飄搖|飘摇[piao1 yao2]/
118400	飞抓	飛抓	 /variant of 飛撾|飞挝[fei1 zhua1]/
118620	饭馆儿	飯館兒	 /erhua variant of 飯館|饭馆[fan4 guan3]/
118826	饿莩	餓莩	 /variant of 餓殍|饿殍[e4 piao3]/
118877	余皇	餘皇	 /variant of 艅艎[yu2 huang2]/
118885	余辉	餘輝	 /variant of 餘暉|余晖[yu2 hui1]/
118909	馅儿	餡兒	 /erhua variant of 餡|馅[xian4]/
118910	馅儿饼	餡兒餅	 /erhua variant of 餡餅|馅饼[xian4 bing3]/
118926	糊口	餬口	 /variant of 糊口[hu2 kou3]/
119202	香纯	香純	 /variant of 香醇[xiang1 chun2]/
119220	香菰	香菰	 /variant of 香菇[xiang1 gu1]/
119221	香烟	香菸	 /cigarette (CL:支[zhi1],條|条[tiao2],根[gen1],包[bao1],盒[he2]) (variant of 香煙|香烟[xiang1 yan1])/
119453	马尔谷	馬爾谷	 /Mark/St Mark the evangelist/less common variant of 馬克|马克[Ma3 ke4] preferred by the Catholic Church/
119470	马糊	馬糊	 /variant of 馬虎|马虎[ma3 hu5]/
119527	马蹬	馬蹬	 /erroneous variant of 馬鐙|马镫[ma3 deng4]/
119618	驰鹜	馳鶩	 /variant of 馳騖|驰骛[chi2 wu4]/
119701	驾御	駕御	 /variant of 駕馭|驾驭[jia4 yu4]/
119835	骐𬴊	騏驎	 /(literary) fine horse/variant of 麒麟[qi2 lin2]/
119836	骐麟	騏麟	 /variant of 麒麟[qi2 lin2]/
119961	骄奢淫佚	驕奢淫佚	 /variant of 驕奢淫逸|骄奢淫逸[jiao1 she1 yin2 yi4]/
120057	惊艳	驚艷	 /variant of 驚豔|惊艳[jing1 yan4]/
120149	骨瘦如豺	骨瘦如豺	 /variant of 骨瘦如柴[gu3 shou4 - ru2 chai2]/
120166	骨董	骨董	 /variant of 古董[gu3 dong3]/
120399	高勾丽	高勾麗	 /variant of 高句麗|高句丽[Gao1 gou1 li2]/
120791	发小儿	髮小兒	 /erhua variant of 髮小|发小[fa4 xiao3]/
120893	鬓脚	鬢腳	 /variant of 鬢角|鬓角[bin4 jiao3]/
120921	斗趣儿	鬥趣兒	 /variant of 逗趣兒|逗趣儿[dou4 qu4 r5]/
120956	闹轰轰	鬧轟轟	 /variant of 鬧哄哄|闹哄哄[nao4 hong1 hong1]/
120999	鬼哭狼嗥	鬼哭狼嗥	 /variant of 鬼哭狼嚎[gui3 ku1 lang2 hao2]/
121140	魔难	魔難	 /variant of 磨難|磨难[mo2 nan4]/
121153	鱼具	魚具	 /variant of 漁具|渔具[yu2 ju4]/
121174	鱼汛	魚汛	 /variant of 漁汛|渔汛[yu2 xun4]/
121175	鱼汛期	魚汛期	 /variant of 漁汛期|渔汛期[yu2 xun4 qi1]/
121194	鱼网	魚網	 /variant of 漁網|渔网[yu2 wang3]/
121222	鱼钩儿	魚鉤兒	 /erhua variant of 魚鉤|鱼钩[yu2 gou1]/
121364	鲜艳	鮮艷	 /variant of 鮮豔|鲜艳[xian1 yan4]/
121380	鲠直	鯁直	 /variant of 耿直[geng3 zhi2]/
121508	𫠒鱼	鱆魚	 /variant of 章魚|章鱼[zhang1 yu2]/
121623	鸠合	鳩合	 /variant of 糾合|纠合[jiu1 he2]/
121629	鸠集	鳩集	 /variant of 糾集|纠集[jiu1 ji2]/
121755	鸱枭	鴟梟	 /variant of 鴟鴞|鸱鸮[chi1 xiao1]/
121784	鸿图	鴻圖	 /variant of 宏圖|宏图[hong2 tu2]/
121790	鸿福	鴻福	 /variant of 洪福[hong2 fu2]/
121793	鸿运	鴻運	 /variant of 紅運|红运[hong2 yun4]/
121896	鸧鹒	鶬鶊	 /variant of 倉庚|仓庚[cang1 geng1]/
121990	鹰雕	鷹雕	 /variant of 鷹鵰|鹰雕[ying1 diao1]/
122006	䴙䴘	鸊鷉	 /variant of 鷿鷈|䴙䴘[pi4 ti1]/
122039	卤味	鹵味	 /variant of 滷味|卤味[lu3 wei4]/
122045	卤莽	鹵莽	 /variant of 魯莽|鲁莽[lu3 mang3]/
122053	咸津津儿	鹹津津兒	 /erhua variant of 鹹津津|咸津津[xian2 jin1 jin1]/
122059	咸丝丝儿	鹹絲絲兒	 /erhua variant of 鹹絲絲|咸丝丝[xian2 si1 si1]/
122307	麦阿密	麥阿密	 /variant of 邁阿密|迈阿密[Mai4 a1 mi4]/
122348	面条儿	麵條兒	 /erhua variant of 麵條|面条[mian4 tiao2]/
122370	麻俐	麻俐	 /variant of 麻利[ma2 li5]/
122535	黄柏	黃柏	 /variant of 黃檗|黄檗[huang2 bo4]/
122655	黄蟮	黃蟮	 /variant of 黃鱔|黄鳝[huang2 shan4]/
122760	黎黑	黎黑	 /variant of 黧黑[li2 hei1]/
122807	黑乎乎	黑乎乎	 /variant of 黑糊糊[hei1 hu1 hu1]/
122829	黑呼呼	黑呼呼	 /variant of 黑糊糊[hei1 hu1 hu1]/
122880	黑忽忽	黑忽忽	 /variant of 黑糊糊[hei1 hu1 hu1]/
123014	黑贝	黑貝	 /variant of 黑背[hei1 bei4]/
123142	点儿	點兒	 /erhua variant of 點|点[dian3]/
123298	黯淡	黯淡	 /variant of 暗淡[an4 dan4]/
123520	齐大非耦	齊大非耦	 /variant of 齊大非偶|齐大非偶[qi2 da4 fei1 ou3]/
123885	𧿹外翻	𧿹外翻	 /variant of 拇外翻[mu3 wai4 fan1]/
123886	𧿹趾	𧿹趾	 /variant of 拇趾[mu3 zhi3]/
123893	𬶂𱇏鱼	𩵚魠魚	 /variant of 土魠魚|土𱇏鱼[tu3 tuo1 yu2]/
