的	90628361
了*	43309161
是	40898229
我	20738608
在	22743863
他	18964034
你*	14614685
也	12484961
著	13458170
這	13363202
人	22311253
道	18188156
就	10476686
個	16710302
不	12045752
說	10843453
有	17857563
上	12924935
地	10633298
那	7905638
她	6837268
和	7064152
來	17628525
都	6472751
中	8762379
己	5440297
到	14676572
去	9508499
要	9023891
還	4903162
又	4891427
之	6311864
兩	4632515
大	6921518
看	5683983
們	12795187
對	6088492
得	8127976
會	7424376
把	4226010
麼	10847325
而	4925923
被	3831764
卻	3644749
好	5772288
里*	8112968
想	4990569
出	7121183
給	3525540
將	3584457
過	7118544
讓	3211551
但	3358031
為	8256189
很	2937106
下	9036306
經	3695796
笑	4672463
能	6672069
小	3420132
聲	4528543
從	3000232
與	2758647
沒	2888753
見	4552929
向*	3407488
只*	2542805
天	5520523
吧	2565402
話	4355601
再	2617122
手	6039122
以	6926111
才*	3253626
事	4295225
后*	7918359
樣	4903526
做	2322110
走	2601252
可	2706127
啊	2111153
問	2606749
年*	3470531
身	4562820
呢	1923937
候	2515266
用	3619285
等	2411457
便	2440251
真	2389433
听*	2172179
嗎	1841957
時	6126093
前	4387003
位	2369929
已	2469805
跟	1772042
所	2065572
几*	1982296
心	5279610
太	1885723
起	4423040
些	5375124
如	3473999
果*	2296078
叫	1899871
然	10227102
臉	1786897
打	1761337
劍	1696837
情	3426064
死	2132733
誰	1322880
像	2028210
頭	5889147
找	1417355
当*	2282247
兒	3135486
子	10787575
帶	1603943
更	1255949
成	3022971
種	3028839
最	1840727
軍	3238110
門	2773407
長	2812410
間	3940139
家	4917990
比	1608024
連	1392094
它*	1193028
住	2650463
回*	1691075
無	2185922
次	2757544
名	1732105
于*	4015061
神	2029050
王	1638762
且	1569574
此	3182627
始	1226881
老	1626685
其	1461772
先	1520791
開	3134618
殺	1276829
西	1589073
使	1527213
吃	1033930
內	1541634
面*	5167262
請	1062149
正	1835353
坐	1071169
飛	1485938
别*	1516262
日	1834357
快	1732607
張	1381438
雙	951542
條	1012067
自	1590948
定	3336514
方	4053995
月	1579417
主	1717066
外	2503364
眼	2179919
該	1552718
口	2423967
現	2117502
進	1550849
站	941595
音	1177951
件	1269301
題	1062736
并*	839679
接	1363518
放	1147068
直	1618782
由	1675988
倒	1043556
本	2161490
句	798997
高	1244511
睛	771815
入	1890336
行	2726925
完	1089836
則	1130805
往	1212355
城	1426577
乎	1445982
幫	827123
光	2170339
您	687684
刀	935935
女	1582093
夠	1186805
白	1893215
知	1767938
般	1268870
望*	1881466
水	1524223
常	1640067
拿	710032
朝	939969
何	1918165
未	856743
紅	1074787
處	1896493
氣	3259235
敢	1199435
魔	797730
覺	1478912
各	616031
派	864548
步	1417506
錢	967335
花*	1191666
訴	645878
全	1530797
風	1737453
作	1879019
黑	933447
法*	2924141
備	1132435
邊	2782162
況	872618
若	824403
力	3848501
跑	710697
切	882720
玉	941683
指	942092
少	2211704
金	1017834
體	1622745
馬	1359433
點	1520607
山	1707531
龍	1308473
剛	1584432
片	881714
陣	1118687
實	1685281
新	1006384
言	1211362
落	1149041
喝	634480
動	3055889
云*	1187454
終	911322
兵	1816856
血	821985
師	1521073
分	2220247
轉	838692
越	1016360
令	1176026
極	820210
呀	575826
至	1439426
喜	968581
欢*	659581
掌	756486
元	825012
拉	774794
遠	1153268
車	1223961
字	961579
生	3472409
受	1265935
早	672670
信	1306467
希	580378
忙	1129324
隨	771790
塊	550027
續	712792
穿	532663
刻	1333843
嘴	609812
发*	1676786
者	2057382
總	551103
輕	1207481
錯	961848
招	652190
靈	811221
變	845360
算	1621183
部	1501891
楚	796048
娘	1024645
場	1650436
同	1620040
弟	1128361
司	743073
辦	921861
國	2498948
急	807029
除	706515
或	451801
清	750236
思	1247043
驚	765294
衣	815835
界	975326
明	2146453
命	1547185
怕	1429093
微	890736
及	1141680
關	1420306
系*	899949
岁*	486836
戰	1505826
石	849454
退	683407
座	504847
寫	481627
愛	765503
多	1728287
送	595211
哪	801328
酒	704623
离*	839802
竟	943906
強	1101955
李	543245
非	936721
書	912773
仙	586184
火	963892
絲	551989
必	1153054
须*	581257
重	1286363
象	948749
即	999972
滿	899040
阿	466482
帝	915865
腳	676751
抱	449323
怪	1004526
色	2502909
留	568143
股	509530
因	752393
量	1447818
答	650461
哥	1120342
伙*	531811
路	1280596
難	984650
數	1099156
似	601657
擊	1343447
府	815478
今	849370
底	883338
嘆	517467
雖	366218
友	787027
親	974762
活	947659
冲*	558155
交	515144
拍	415001
傷	758610
干*	599229
掉	647907
息	1168931
青	881896
另	385864
結	771229
君	600451
啦	391658
曾	540057
號	630309
亦	350242
學	1193174
兄	574047
曰	353922
頓	489165
鬼	515819
教	621250
相	1023194
擔	432203
機	1376449
立	944008
亂	748229
美	612176
星	920829
眾	569739
許	954128
寒	559355
買	409397
团*	738391
哼	357113
冷	710415
封	421144
副	349350
興	574625
破	593918
停	523811
慢	560996
支	381462
半	667271
夜	713964
哦	320892
弄	422321
應	1203834
深	475485
隊	1448375
睡	387607
意	3163793
救	465462
妖	317077
臣	524542
枪*	611307
禁	486494
黃	423457
講	374372
目	841024
換	431494
提	456726
尽*	508784
米	425299
傳	504569
追	321396
靠	416768
鐵	473982
北	637796
抓	319035
管	1015955
跳	380217
仿*	348026
佛*	526570
官	865453
林	1219853
搞	299865
待	818961
加	973470
雪	616397
皆	288887
床	387231
較	417343
甚	322104
州	965286
唯	287380
空	1011967
近	1074519
震	379964
射	496990
族	722776
服	913457
收	548531
識	823542
欲*	379269
怎	276975
怒	555542
宮	678948
呆*	463079
緊	788620
寶	610961
沉	414001
東	840719
斷	887173
求	819328
易	809818
根	390017
既	269721
姐	868136
陳	332394
海	1005794
害	709444
閃	327279
紫	289387
度	1407345
雷	462260
狼	301110
諸	272518
南	865733
份	685274
喊	385449
暗*	689084
劉	331322
嚇	291596
級	740307
圣*	301098
群	557410
緩	358794
展	519376
解	867900
公	743469
功	1033984
毒	477609
響	681236
一	1681333
玩*	355510
嘛	331306
單	595502
虎	567428
逃	313532
木	487869
營	466372
药*	446273
罵	343302
物	1388082
搖	309570
仍	248456
湖	451120
釋	286766
影	884605
哈	428037
裝	555578
攻	571881
獸	345574
嗯	250072
哭	282926
按	426490
顆	255446
爺	824702
右	471687
斗*	642227
控	348847
制*	870418
周*	516877
盯	243677
替	295931
失	722835
文	770992
箭	345481
武	582322
香	424439
呵	324311
樓	522019
媽	434681
樹	350044
宗	439788
背	518879
乃	237043
計	920318
划*	436452
翻	282540
談	396632
低	377588
耳	345353
船	500010
玄	327086
語	691850
每	329171
練	506893
勢	1040422
否	337591
擇	266751
丈	279835
撲	268845
番	374118
段	671208
奇	708199
感	601028
務	610957
淡	408747
修	489451
聞	417987
速	593666
推	250555
雨	559042
敵	426013
慮	371134
騎	316732
挺	251151
念	510226
取	566241
台*	583175
層	412869
陪	238436
夢	368849
絕	557917
流	636323
排	406433
袋	367020
狗	274119
廷	303433
世	630872
賊	295724
甲	393063
确*	494047
反	422586
刺	296959
決	446891
忘	255940
瞧	265967
圍	693977
猛	314679
惜	359649
懂	227313
杯*	325537
板*	507030
差	362968
恢	219879
复*	671187
煩	338730
齊	409482
莫	263644
置	528911
摆*	294613
遍	273524
瞪	252375
鳳	406224
掛	255944
化	968551
洞	340092
任	756505
特	806219
距	309028
屋	336575
孩	337250
左	240348
容	886463
銀	284848
冰	360739
類	505684
論	836997
忽	261934
亮	697143
套	306066
久	819666
漸	403119
懷	423395
足	646489
腿*	304574
織	257081
頂	419589
鎮	299886
守	553472
拳	291379
領	695334
究	343465
照*	525138
險	476627
合	997966
付	396035
代	971779
揮	459995
搶	202608
邪	228459
細	520078
谷*	319285
江	507177
示	512624
報	656976
躲	203949
楊	335783
首	503907
概	227707
趙	272839
輛	219706
側	282172
初	506066
恨	381122
摸	288101
奔	307855
肉	373490
父	498917
魂	375109
秦	279742
峰	456364
原	499325
狂	362527
散	512575
躺	187975
顯	322029
钟*	405351
奮	258309
晚	467046
冒	209469
爭	477425
紛	221898
腰	282178
蕭	274259
禮	479599
煙	358063
平	872867
標	378825
形	745441
勝	392675
器	755107
憑	215185
叔	337822
術	669176
皺	202392
漢	573888
短	334282
尚	378107
安	761393
叶*	371077
牛	277414
助	470408
罷	365098
藏	402798
逼*	234357
奈	223760
旦	234266
怔	205970
歸	274285
房	574798
獨	280096
約	490333
蛇	226171
毫	246041
病	390886
束	279958
持	753637
男	209074
占	222894
疑	553141
稱	434535
丹	389098
堂	466524
夫	1019609
皇	412374
孤	193631
布*	561536
賣	291237
校	362730
尊	259104
謂	354449
客	472686
羅	339283
密	484801
唐	240198
故	355778
壓	334607
端*	335853
朕	168544
架	304174
借	223069
理	1521296
爾	685132
藍	226135
掃	244812
旁	456560
異	524606
訝	206444
胡*	232359
巨	173881
咬	169695
恩	333853
松*	470017
護	565402
式	694371
業	893306
眉	370804
苦	565907
秋	365636
士	1165742
線	658175
通	775252
員	955460
爬	174932
圈	230012
責	288251
姓	325403
市	511945
艘	161905
悉	209136
輪	244778
迎	271100
帳	181623
牆	287965
嘿	212226
表*	549050
第	353258
忍	269388
京	453962
假*	247427
記	602941
宋	207076
網	238611
肯	296760
順	284055
吸	269847
改	209512
陽	958120
某	235005
吳	184261
靜	846271
鬧	310389
燕	260478
胸	189179
柳	195323
具	318534
略	373832
虛	284539
筆	250482
運	374833
四	271655
嬌	208413
省	244172
尋	202031
畫	270955
秀	356672
吼	196438
包	315801
十	418166
妹	466032
痛	355832
透	244888
河	445734
導	379918
飯	452680
土	313289
僅	433049
魚	270467
滅	343798
吹	156144
棄	299608
古	396922
橫	222464
屬	440810
茶	255122
遂	151090
戲	324417
驗	331322
濟	242237
炼*	369546
趕	207236
利	893576
津	192256
吩	143555
斬	150597
准*	439872
疾	167429
侯	229068
勁	329923
抬	145816
狠	294679
史	482748
混	224468
敗	458314
試	346284
撞	204952
民	733315
室	645627
樂	522683
保	358097
证*	296184
謝	465249
圖	434058
貴	408418
舉	344202
母	429229
卷*	241806
挑	148385
縣	273095
遇	289868
衛	504617
聯	287704
局*	489700
依	246962
硬	239550
呼*	547157
拖	145636
島	287687
德	621913
丟	137254
鳥	174933
彈	473335
括	170659
碎	204714
紀	303671
統	436823
倍	169860
引	302476
芒	244472
店	373219
狀	245925
愿*	462237
院	597355
燒	239441
啥	132941
秘	254089
告	476608
尺	180664
郡	190105
麗	464685
程	453028
義	727123
斯	744304
球	520155
雄	379618
慣	191044
臂	298824
飄	173799
砸	134171
踏	146060
累*	221099
隱	238703
綠	176847
舊	323250
據	446038
拜	261433
整	307221
華	732138
膀	176839
匹*	164786
倆	225548
電	429044
塵	236729
治	406688
殿	279180
習	260182
莊	272661
柔	291258
降	300080
尸*	178307
劫	189318
項	185599
默	301726
毛	285608
克*	598364
柄	157341
紹	208027
躍	204325
壞	392261
喂*	124535
唉	125643
惑	257514
郎	288382
態	437419
稍	180523
章	790591
察	419704
查	402938
豫	186104
羽	385720
爸	244647
猜	128600
陰	165826
腦	376997
菜	248638
認	336654
历*	302920
罪	344280
觀	356756
達	660568
突	201172
區	545014
傻	133129
縱	166501
輩	387038
滾	191149
扶	150050
伸	155142
擋	224941
俱	119269
旗*	198987
亡	338871
碗	144514
伯	231668
丁	219249
抽	121061
仇	258950
均	156646
紙	232184
共	228117
素	351590
草	292856
劈	120151
奉	157405
勸	136295
緒	207178
熱	257101
貼	152749
踢	119444
绕*	189674
春	276950
鷹	184353
輸	175751
苏*	215208
讀	181470
扔	114999
午	312108
握	377415
赤	142951
托*	240352
吐	149420
朱*	170099
舞	287150
建	377321
調	320704
期*	640933
爹	217896
肩	189501
末	160552
沿	134007
拾	162234
印	199458
揚	379719
脅	137986
施	246876
醒	401905
探	238329
食	305346
蓋	220680
珠	333912
精	226161
供	191273
卡	186130
妙	365519
田	284787
際	398332
惡	307756
組	182947
福	367480
殊	149880
料	541053
蘭	465283
率	285698
拔	173569
游*	307562
班	272988
僧	150181
炮	259492
遣	179742
觸	186981
扯*	160162
善	267925
仗	194132
斜	144220
超	196771
境	371233
效	301706
黨	254672
什	125558
角	489748
憐	182849
央	143927
選	231973
竹	179879
投	142856
防	358266
御*	239027
脫	303216
掏	107961
移	202053
捏	116192
韓	144863
產	326599
妃	170458
偷	195637
賽	234179
隔	162879
插	129943
堡	199120
權	372382
議	543276
秒	116217
伍	187762
騙	159291
跪	118936
村	240011
骨	313647
袍	158390
奪	198279
陸	272718
鍵	123971
砍	106141
軟	218610
孫	291010
烈	522383
盤	277828
英	339853
枚	110441
閉	161046
商	228599
梁	186589
操	196388
弱	322077
桌	196570
波	281403
止	604051
養	275943
徒	282791
俠	348142
犯	228883
拼	106396
擦	135558
廳	339184
抖	219419
顧	373853
尖	198556
朵	207773
性	1050175
傅	164303
轟	112853
怖	117256
尬	101183
洗	148852
愣	227936
皮	362218
霧	178436
夏	196239
益	248130
值	250842
雜	241796
襲	233391
環	214576
咱	99094
徐	147716
醉	166932
威	335186
戶	310026
婆	264366
詩	143437
陵	227769
析	114696
凡	420054
唱	133297
集	507789
粉	136117
野	258715
宇	469214
階	150621
霸	121779
惹	129721
姊	98119
牙	283263
蒙*	234714
傲	179886
俺	97050
凝	193451
趟	98895
碰	118131
乘	134482
設	273446
余*	224442
避	215065
凶*	115235
垂	120913
升*	276391
燈	193219
趣	307920
露	377192
矣	99765
淚	271086
煞	106451
圓	185656
疼	164962
戴	135002
曉	217485
灰	145947
懼	203022
暴	172561
幻	152818
貓	138891
蟲	145887
賭	113784
瓶	134785
祖	237395
格	628755
氛	94195
資	256716
頗	95666
梅	241561
吻	133719
唇	195590
吾	113238
塞	173918
掙	134499
扎*	217328
贏	97416
滑	138233
滴	124354
伏	229316
寧	336330
卿	173472
晌	95666
幕*	214272
折*	188159
晃	188941
狐	118451
慰	163272
穩	170343
脆	133305
列	229585
困*	121541
偏	181784
餓	113819
振	130247
臨	237430
瘋	110303
汗	255660
憶	197380
俊	215542
掠	124363
志*	430927
顏	182013
冥	106627
炸	200660
造	403337
巴	365859
節	405840
材	205902
厚	254810
扇	114122
帥	255226
嫁	108959
涼	181948
討	143178
誤	205309
辰	262509
广*	165766
居	219509
曹	98425
魏	140402
雅	293993
视*	781972
奴	199095
撥	106237
睜	109940
殘	142459
遼	86263
甩	87029
歌	186676
幅	102687
慘	117826
賜	133979
湊	91659
晴	159405
豬	114125
載	168727
品	568230
恐	173727
厂*	191426
奏	168276
迷	240780
郭	113459
互	126051
宜	233725
遞	110129
優	93831
摔	83124
拋	84828
悔	142213
存	266929
斤	96326
敲	89530
考*	206632
慈	102537
沙	261853
蓮	189892
摟	81661
洛	166533
儀	175762
鑽	89403
扣*	111517
碧	97083
沈*	107704
盛	162004
兼	87270
焰	172212
婚	191186
姬	116588
搭	93007
姑	190395
蠻	104453
竄	98764
搬	80929
翠	131410
浮	140758
哎	80558
篇	92831
捧	82833
擠	100190
遭	98554
膊	83496
羊	122277
哩	78376
夾	93715
縮	159610
激	254982
港	130985
敬	300283
闲*	154144
塔	153082
悄	97618
致*	398617
礎	80313
針	136652
缺	122145
艦	248653
注*	286585
吟	211101
街	179101
駕	134825
巫	87189
彩	234080
截	141712
堆	172345
詞	176710
負	259206
肅	141485
軀	124630
踩	76318
爆	169784
弓	89769
巧	242852
抹	129469
鞭	102940
尼	198813
登	121195
琴	155644
翼	217654
熊	130713
瞞	114420
窗	147664
閣	136059
匆	94943
騰	285053
彎	119837
謀	221769
賢	144675
闖	88451
鎖	127339
育	150659
納	191683
配	182403
撫	140377
寸	110594
罩	164228
寨	135458
尾	132238
蹲	73701
賺	73722
牌	254434
挨	73719
案	342684
撤	105563
淨	179031
鋒	286090
熟	181837
毁*	146037
粗*	93257
絡	148344
臭	90688
猶	79502
征*	212510
晰	78876
鳴	170635
扭	109077
矩	95394
費	356193
墨	111431
湯	103396
悶	212259
愈*	139539
庭	200274
适*	201161
涌*	117767
获*	161412
宣	158292
聊	147578
抗	244781
符	115785
孝	100249
貝	128110
浪	249975
訓	143258
侍	97711
寬	107488
票	230244
顫	105531
銅	90300
耶	77777
袖	137757
窮	143237
嚴	185187
批	227069
趁	69144
胖	98360
厲	177323
亞	269534
壁	229524
眸	79151
烏	108640
慧	175267
詔	101929
軒	201598
埋	80614
厭	88078
監	205234
喘	93124
賈	84766
聚	145709
杖	100756
饒	93442
爪	93040
鏡	190510
畢	124158
脈	173182
舍*	204082
筑*	133654
卒	142152
鄭	78772
瘦	102991
崖	103490
策	284859
撐	116844
妾	74848
工	396921
索	325602
盜	148186
跌	77592
訣	84926
纏	157063
宙	70073
晶	142805
曲*	206093
挖	67124
枝	139038
川	223837
職	212842
霞	136232
薄	136488
岩	100845
景	327047
愁	93161
仁	194758
需	126826
暈	114797
賞	193606
芳	163918
霜	119353
虧	154179
齡	134601
補	122297
園	240905
召	99124
盾	122228
喃	75968
嘯	189582
充	161870
洲	187868
喪	112777
額	146593
价*	275996
铺*	113101
哇	78749
废*	98515
休	161644
魯	124590
逆	86342
牽	99237
豪	201866
忖	77276
寺	139289
屑	79580
痕	113573
逸	233960
雞	124959
廟	113754
免	378139
池	160014
氏	340059
恭	92644
剩	89129
怨	186153
政	272208
良	299057
橋	135712
仰	142087
焉	71883
掩	81570
嘉	120767
勾	82704
嬰	72793
承	184697
娶	66826
堅	139281
攔	92980
采*	104788
屈	113970
盟	162743
禍	115436
婦	233401
爍	70465
於	59617
館	210462
咦	59578
限	273001
祭	73239
杜	77199
測	226079
眨	64518
牲	70124
忠	218126
瑞	145395
腕	107440
欠	81738
鋼	93753
柜*	117413
羞	96612
渡	86758
勒	200175
童	163994
抵	93129
衫	141705
扮	96575
丑*	108956
麻	140283
刃	135732
柱	136801
百	209052
耗	111842
玻	66241
璃*	85353
糧	103421
沾*	59051
佳	146263
油	151214
消	131325
幽	108723
豹	92745
仆*	90366
錦	81745
揉	65214
叟	56324
藤	67115
輔	57104
膚	102192
喚	139860
奶*	199749
執	109166
凌	230962
蛋	247626
砰	67858
悟	181646
辭	172530
墅	55948
碼	168923
腹	124599
噴	66714
濃	86642
純	128517
幸*	224495
晉	108973
妻	136414
裂	181358
擁	74612
嫌	66318
婉	111093
味	346757
乖	90607
智	228430
席*	221401
模	205764
眯*	109211
桓	88938
逐	93291
楓	210214
貨	134715
昔	79114
坛*	95403
戒	100677
泡	79957
富	190345
鴻	89836
律	201510
績	106904
典	151392
棵	56006
專	85320
遲	126307
聳	71224
坦	123304
录*	143918
旋	126309
瓦	73759
涯	94273
暖	105109
含	121077
基	195376
喬	92266
屁	93711
授	161856
歪	62095
呂	124642
削	72018
誠	205059
忌	144852
跨	56661
售	92921
旅	98343
赴	76931
亭	90794
荡*	245264
厥	67409
科	146388
伴	155537
姜*	60941
憾	67797
擒	75684
呃	51959
棒	80983
鼎	137983
鉤	63607
孟	79982
肥	66448
鶴	103941
粒	67382
源	265183
跡	275196
壺	67964
刑	104804
判	133641
董	84110
吉	138850
慕	133337
楞	51463
吞	82581
吵	67064
寵	67544
吏	86505
堵	53051
啪	68109
飲	80226
遷	140927
爛	127682
誅	57364
构*	123315
堪	133589
朽	66332
緣	193125
迫*	183060
獄	149402
冬*	85528
灑	93454
課	127599
雕*	78440
嘗	112321
泛	75328
蜀	59229
旨	103298
獻	117791
盞	54877
繼	91791
蒼	65388
豈	51737
棍	85186
擾	154896
財	143934
豆	85105
撒	62261
技	148995
糊*	236758
涂*	109398
趴	49041
附	77398
玲	148441
虜	92236
繡	63234
域	205210
溜	98118
質	359814
飾	121660
永	88212
潛	75175
宿	134022
慨*	73427
型	313103
矮	58884
吶	49202
拽	48731
咳	66063
諒	88292
膽	137045
炎	102552
諾	170483
拂	59947
添	76961
私	119789
遙	135151
馳	124485
銳	194383
鏢	128291
拐*	52251
呈	55097
豔	123978
穴	98971
催	49439
割	88736
浩	217985
返	115750
孔	155398
鼻	75331
溫	109409
咧	64077
慎	99535
灣	82726
蝶	94365
鄉	165876
蔡	53762
欺	50865
井	82323
袁	60169
霉	59867
演	171930
鵬	114462
坑	66724
裹	93280
薦	72304
駭	76838
嘶	48736
榮	248181
披	51903
損	90054
痴	97660
笨	51344
慌	106398
固	139447
鹽	53763
增	67460
遁	51136
淺	82694
療	89612
龜	63912
參	106486
勿	50102
遺	71576
甘	105319
俏	56163
捉	74506
巾	103353
鼓	117009
漲	79849
耍	62281
憂	142387
陷	114090
盒	70377
噢	45870
夷	81983
悲	79597
串	82228
勇	190090
虹	103679
贊	91600
蹤	185672
斧	55136
奧	83676
悍	100054
岳*	105051
淮	58614
陀	71994
姪	64641
編	101356
頁	64288
搜*	49994
灌	51346
乏	81568
椅	86890
猴	55913
維	207913
貫	94761
憋	43475
泰	141372
脏*	101874
樁	54133
壯	151308
予	115952
昭	82096
融	97500
疆	71306
妨	75887
叱	55881
箱	104259
窩	85008
斐	55596
馮	59357
鍋	70229
丫	45971
摩	108292
溪	76153
翹	44897
乾	58714
泥	83812
弩	53217
嶺	80511
映	110083
援	160567
捂	42441
沐	43599
侖	67355
瞎	45934
瞥	59281
坤	94772
縫	93950
覆	59024
慶	197516
創	74322
磨	148910
伊	98959
駐	88382
荒	98431
款	140820
版	89419
艙	77817
醫	127552
愧	119322
庫	155154
肚	48111
押	68191
匙	48196
警	141544
泉	142637
宰	55003
紗	65237
督	162265
冠	70980
娜	216856
薛	83100
媚	126556
倉	53901
賀	89361
釘	47495
縷	50419
綁	56929
姨	88633
澤	121320
膛	59483
濕	66179
挽*	58727
株	41312
液	91947
吊*	52219
廊	72865
鲜*	136597
屏	76103
傑	274328
韋	68060
瞅	44853
汝	42974
屠	49636
舒	102293
瑤	112369
珍	117471
棧	48192
杆*	84164
康	163070
勞	173389
墜	58957
翔	242648
頰	76167
潤	120536
裙	56558
梯	116012
簡	67541
斥	109388
啡	42534
唔	39058
刷	72877
博	116118
洪	102076
歉	88841
萍	105606
染	103020
嘻*	152281
刮*	44380
潰	67440
倭	38360
丸	70055
湘	77809
濺	55488
熙	94230
掐	38325
宅	66860
丰*	100023
雁	54083
漠	126193
范*	119382
撿	37977
禪	47621
曼	128982
寞	50768
丐	60707
渴	66786
拆	40066
牢	102536
頸	59949
崔	42174
酷	88323
歇	67857
咕	57757
翁	63639
委	210385
阻	77473
喉	83981
訊	107602
薩	102993
撼	46431
鼠	85040
棟	74143
寇	77107
抑	77550
爽	126825
甫	92934
匪	84232
嗽	38164
耐	100314
撈	41104
彥	73468
役	123877
萬	264596
琪	95087
社	113498
賴	112295
罰	111789
寄	59479
彼	43286
挾	47315
洋	232191
尤	57688
雍	48557
駛	95919
粹	46992
齒	119351
酸	76612
瑩	102060
濤	218706
晨	161411
疊	52801
悅	131890
勵	92743
籍	88463
械	77623
申	73002
咋	37176
危	86037
壽	87662
序	110972
惟	40382
签*	55299
辜	41213
堯	67846
爵	129027
撇	35702
桃	93713
革	85277
撕	43461
□	35530
錘	52579
狽	38217
夕	80539
咽*	77521
淑	41602
傾	85800
千	145444
攤	47151
喲	55708
凜	45748
糟	63016
三	175949
猿	39079
拒	69238
敏	158951
健	89791
途	166026
航	102538
渾	51216
牧	63261
帆*	100939
啟	107926
弘	92355
積	130935
蹬	35688
評	99634
盈	96018
麥	62324
鞋	79765
鈴	70958
二	169258
昊	68856
罡	59012
勤*	88984
森	189215
絹	41970
舟	84652
蹦	34593
惕	39215
梵	34483
戟	40777
抿	34335
扛	34268
倚	39394
拎	34243
桑	76781
乙	62648
俄	42893
邁	61558
蓬	45329
乞	35207
煮	34450
憊	35095
矢	37538
乍	33976
懸	40912
淫	50991
篷	52090
卓	107248
躁	87057
佩*	98128
邀	37748
魅	48608
漫	91538
瞟	33752
揪	33719
貌	189083
倩	89931
祥	135621
幼	69012
甜	55878
抄	49127
朗	156125
歹	47320
碌	49905
盧	57592
減	62335
蟬	47318
姻	43179
麟	132868
獅	44398
愕	56108
叛	81670
擰	33530
逗	45631
兜	41621
暂*	63506
襄	40006
患	78536
隸	60996
蜂	51860
盼	75314
述	177155
逢	73842
豎	39716
栽	34425
惱	108156
膝	55689
斂	59275
瑰	36539
促	108606
駁	56811
棋	68079
糕	55646
儒	67683
鹿	55261
敝	33526
購	75972
婢	52985
衡	115089
廝	42437
租	50928
阱	33555
延	145447
氓	36311
蛟	44810
燃	70567
涵	78282
瓏	45525
臥	43990
叉	64855
剎	63698
龔	34464
咒	59986
攸	32269
規	112545
雯	55136
戚*	70827
祿	64297
夭	39160
邦	108635
洩	72664
普	83762
榜	42327
踹	32041
屯	43572
寂	73417
揍	34179
愚	76298
龐	67351
岸	158902
崩	39683
棠	69806
帘*	68508
惠	77226
舵	37205
巡	60780
恥	72963
驢	38486
妒	39199
韃	31317
哄*	60939
簫	36385
顛	36391
貞	72884
賤	50443
綻	40782
哉	40965
佐	56513
磚	42254
蘆	47917
苗	64721
訂	59649
鍛	38002
禧	40269
輝	167601
賠	32913
宴	79858
攝	57607
囊	70969
盆	59400
狸	51623
穆	53869
弦	59656
蕃	44592
僵	64720
菲	126433
哮	33758
允	78332
魄	94812
昏	96270
儲	41237
腥	42397
恕	47447
莉	93786
幢	33366
蔣	45061
霍	46130
哀	65208
邑	38289
辟*	49615
辛	69163
犬	45939
熬	47031
嚷	61534
訪	114851
坡	91782
瞄	59089
顱	33190
轎	35900
贈	40127
潭	44382
嗣	46988
噗	33702
卑	57430
擲	41378
粘	29792
柴	47326
烤	39745
墓	68820
祈	30118
捅	29578
恪	42561
仔	35548
泣	69576
禎	40214
姆	91413
爐	62818
飽	56800
紋	94249
羌	28773
拱	34290
妥	84408
圾	29497
戳	29424
逝	64638
弥*	63355
畝	32341
挪	32403
舔	30184
怡	58032
憤	96588
嗔	40731
疤	37495
凍	44115
捆	29641
婷	133382
吁*	64725
戎	34024
焦	44298
喔	28878
櫻	44384
摧	44861
帖	41289
琳	143739
怯	46994
獵	68790
僥	29453
姚	33793
藝	142537
署	71916
猾	34501
拚	29497
薇	87063
譯	51117
貪	34240
嫣	44793
荷	67119
瓊	76802
萊	78083
舅	54570
娃	85761
聶	29650
榻	38704
瞬	50394
蓉	117088
仲	89930
幣	111090
卦	49660
噬	54074
鞘	43223
搏	61085
誓	66892
獰	34533
芝	61738
嘍	27065
囑	70454
赦	43932
卜	51739
遮	28026
撓	38483
籌	46195
畔	57860
菊	52042
倏	26832
凱	117052
剝	32351
嗦	53896
嫩	71069
逛	41576
剪	32520
幡	27332
胤	50063
蟒	26611
倫	101898
鸞	33077
葬	63748
峨	33280
諫	38671
蘿	29781
摘	34194
褲	66991
侵	47527
舌	84752
衲	26457
隆	132738
艇	90749
偶	42402
蠢*	44579
徑	118845
劇	119527
俗	111198
帽	49858
纤*	50966
裁	61565
繩	53133
彬	76223
澡	49216
稅	76116
噸	26528
嗚	64694
季	110885
丘	64927
掀	26095
欣	104832
煌	50113
溝	60233
佑	68913
桂	66817
填	30670
拟*	70219
賦	56351
咯	46016
祝	58569
荊	28441
礙	91456
昌	131418
朔	42249
譽	91126
睹	55220
嵐	94478
蔽	54284
磕	26239
枉	43759
冊	59427
蹄	59505
例	134374
裳	47230
鄧	42048
枯	35723
戮*	43235
餘	25511
跋	37532
疏	60084
漏	61942
兮	52074
璋	47919
戀	102217
殼	57739
翅	35056
逾	25532
審	56705
悠	102930
靖	114486
廂	65622
鈞	60930
詡	29911
崇	40763
攬	38231
陶	44858
呸	24739
宏	95462
嫂	51087
霆	42830
虞	32280
擱	47856
搓	30768
熾	26552
伐	107664
姿	53796
邵	27255
競	28229
遵	31639
恰	61756
攪	32897
辨	57407
黎	54593
脯	27035
哨	53872
攀	35095
咸*	35022
擅	27465
埃	33790
笙	39730
循	39395
轅	39219
塌	53523
辱	108523
筋	80674
巢	39268
妮	108899
礦	49732
違	42774
農	76486
喀	23643
闕	26444
啃	23723
奸*	54993
譜	51944
旺	48563
尉	134681
潮	103588
婪	23860
巍	45720
潔	131167
粥	29540
趨	39612
禿	32687
扁	26607
孽	48172
茂	48404
坊	52066
艾	51468
禱	28443
藩	45907
啞	57129
佬	29175
偽	45606
鄙	56532
旬	36708
肢	46237
辯	63622
恆	90577
昧	53657
攜	27532
衙	24087
焚	39650
瓜	82016
邏	27935
藉	34802
餐	113826
誇	28599
鑄	26852
譚	35561
婿	42998
矛	45682
蹌	32165
淳	45875
障	58904
偉	146592
覷	38669
昆*	32493
尹	32654
苹	33141
稟	38827
雒	22377
攏	75726
詳	66008
潑	39877
崗	44901
桶	55567
躬	34726
霄	96704
鈺	35726
掄	22210
扳	25072
伞*	33582
兔	37692
昂	87422
捕	84324
蓄	45615
薰	22024
筒	68652
棺	22362
暇	48999
弗	41790
衰	29089
茲	47544
訶	21874
枕	26196
享	50065
綾	27392
瑜	75250
災	62125
拓	41359
嗆	27807
釁	27176
釣	22812
澀	70965
穹	32286
蹭	30245
眶	30519
燙	37147
媧	24958
叢	72456
驟	36566
蠱	21227
倦	43662
劣	46509
姥	35759
淵	110975
傀	22025
翰	56212
茫	65506
叮	43145
謙	66860
闊	81333
菱	26408
謹	51938
諭	37856
炒	22633
詐	59836
娟	54555
廈	32474
珊	68275
驅	29251
韻	49892
葛	69510
嘟	32165
籠	51367
蟻	46785
屢	28641
釵	23636
扒	21061
檔	48075
契	36953
揖	30093
袱	21545
俯	37254
胞	44395
蜜	46383
瑋	29952
苟	26147
帕	40429
鄴	20609
梭	37656
懇	25776
潘	28432
妄	41227
蛛	31207
隙	65087
沁	26721
笛	35897
懶	43348
敕	20192
核*	46488
踐	33790
駝	33576
涉	68411
糖	41067
茜	45299
廉	58715
勛	56035
貧	36578
洶	41154
嗡	31966
綺	33490
雇	38116
佣*	27686
咚	36335
汪	36298
播	64780
詫	37108
敘	23901
措	67796
嗅	19674
揀	21143
辣	83506
縛	40085
揭	28219
鶯	31159
窄	40185
貶	20705
浸	37361
償	55572
裴	22411
汇*	36177
鱗	22318
邸	26129
獎	82182
捷*	99366
胃	26691
賓	92193
屆	31834
肆	49533
漆	37099
貢	35870
庵	30475
預	47568
址*	36330
蹙	23145
瞳	27972
彭	28207
衍	54026
雀	62439
札	20848
幟	22771
逮	18962
凹	19991
凸	19028
殆	20891
睿	53776
畏	70595
嗖	25550
垮	31267
蕊	41726
莽	51463
蔑*	35658
妞	41457
绷*	28917
描	26574
諜	21951
寓	25460
曬	25815
尿	26193
汁	36099
齋	27873
冤	26642
丞	34140
廚	20339
絞	19902
峙	23802
碑	45155
詣	34129
哽	21470
鏈	57276
屎	24210
毙*	51058
搐	23436
墳	22586
杏	23928
炕	20516
梟	20795
乳	22682
腫	38444
盔	29633
斟	18169
嚼	27671
挫	38718
穎	47281
諧	25370
驛	18289
巳	42710
髯	28710
哲	86126
卸	25404
渦	28050
鬟	19217
疲	31981
肘	29665
膩	45151
謊	40491
肺	30523
嗨	18909
謎	26009
璇	39407
黛	28164
燭	47608
蝠	24836
萌	26309
畜	28338
疚	38848
碟	27758
耀	103269
冕	27527
砂	27127
痒*	63710
擄	17724
瀅	18140
囚	23273
荀	18130
稽	34104
蠍	20818
竅	31007
馨	55752
毅	130646
祀	29936
彤	49290
曄	27974
稷	22740
欄	53625
巷	38239
墊	26495
五	70720
腮	22957
襟	34691
嗤	31104
澈	36127
恍	37687
迦	19766
頡	19496
溢	36070
輯	43884
墟	21562
迪	86884
裸	41548
旱	22166
螭	17189
滋	26149
裕	93862
棚	38100
籃	36811
揣	18325
誘	40957
莎	63180
協	44646
旭	73103
頻	37201
悴	18599
丙	16982
戍	21910
踱	16812
鑑	52691
徽	39402
狄	32910
澆	17209
沮	16560
頃	21908
嚎	26868
脹	39515
郝	20052
樊	21068
症*	45258
殷	40856
陡	16331
迅	42010
憲	48019
隋	16966
躥	16274
羹	21743
腔	59608
郁*	79007
紳	24489
桐	42927
阮	19520
腐	35104
胎	49350
桀	16973
宵	34339
蠅	23528
宛	26397
瀾	60005
塢	29764
稀	44985
褚	17738
淌	30704
袞	19829
罕	42467
妍	48988
匣	21619
擂	27410
竭	39341
苑	33750
噓	32941
攥	15584
瑣	24746
腊*	32533
擎	30647
介	48173
梧	26430
煤	17571
曦	45110
翎	88947
繪	34037
敦	47885
諷	38134
匠	58685
唄	15318
臻	22877
淋	54938
賬	51109
徙	21748
掘	40792
孕	29498
憫	19673
簿	20673
裘	16804
戈	66790
伶	27947
欽	40992
誼	38723
敞	26289
皙	16620
嬸	26956
芬	46655
兀	28941
窺	32076
聘	32902
渣	17744
窟	28008
竊	32677
帛	23179
唰	19095
鴨	19971
繁	36586
覽	41210
琉	28376
餅	43823
囔	17417
蕾	49363
閱	55704
闌	15614
彪	65650
暢	72405
芸	60644
銜	41130
恃	25521
仕	15830
蠶	16744
叩*	15934
澄	39064
沫	43257
凳	25293
泊	48758
灘	54271
侃	34552
庸	56360
臀	14510
瀉	26292
嶼	18726
剌	16905
慑*	36088
鑲	15320
鳩	15304
琶	15781
腸	55823
嘖	20933
撩	14365
鷲	15937
蹈	27256
哧	31452
熏*	16140
曠	23854
癱	24493
瓚	14189
暮	22737
陋	33956
憚	32930
漾	22200
罐	24348
歐	33779
捋	14102
捐	16770
遜	79154
捶	14573
绵*	73277
俞	16384
轄	30975
笈	14114
廿	13980
債	40435
熄	13946
釐	17397
渠	24616
忿	21163
邱	17722
撅	13887
肖	31441
嘲	22347
瀑	19787
瓷	19990
諡	13722
敷	14722
萱	34140
褪	13684
膳	17064
襯	28905
朴*	42664
祗	13661
峽	39934
搗	21014
募	24498
芊	22577
鴉	27607
蝦	18218
誡	21387
铲*	15609
赫	56709
魁	34134
壘	42186
冉	38804
研	60348
隴	13605
睬	19495
眠	59284
磊	54670
鄰	30612
禽	19151
煥	42117
覓	21940
窯	17251
蒂	47966
嬴	13399
忒	13366
奕	27534
綢	24449
嘩	32838
廓	20321
酬	33390
塘	33379
庶	33142
黯	13249
竇	18067
弼	27545
錫	26789
稚	21575
棲	14715
鰲	13774
軌	34423
賁	13125
楠	33786
銷	86591
梢	29406
錠	14940
蹊	13703
跷*	17343
坎*	25256
稿	35803
漁	14178
邃	15523
僻	28367
妓	16200
叼	12932
疇	23948
逞	26506
芷	22223
唬	26689
檢	33350
植	48259
污	42749
痊	13999
晦	21452
虐	34604
絳	15914
筱	17110
碩	22073
垣	17424
跺	12861
輿	16842
澗	18200
滯	41975
懿	31064
嘭	14749
衷	58971
驀	12686
閔	13337
斛	12796
粟	18211
拭	26526
槽	18309
侈	15344
沛	31419
履	29373
撰	16973
茬	16267
毯	22341
掣	17654
窿	13276
甄	15335
徹	50593
諱	30991
嘎	22750
芭	12557
湛	29741
戩	13309
琦	39203
宸	19922
媛	32447
訕	20708
浴	32526
墮	12401
梳	14240
梨	19901
喻	38344
絮	25820
錚	51067
胯	12350
迭	35348
糙	14763
耿	35244
琅	22060
奎	29769
寢	20294
冢	15518
輒	17600
飆	18003
泳	17299
蔓	13051
甭	12222
濫	20111
孰	12221
琛	19108
俟	16323
岐	13944
癮	28265
虯	12318
娥	41457
駒	20862
蔭	22032
瓣	22562
吱	26659
叨	35025
靴	19195
妝	37324
棉	30161
蒸	19823
峒	15508
八	52355
刁	13135
冶	18852
倘	11986
嵌	19990
峻	54445
堤	30073
瑟	56587
鑼	12939
汰	15905
耽	12660
斑	38902
暄	24482
閥	26521
鯨	14728
飢	17110
葡	14592
祠	14830
秉	12700
狹	12801
鴛	15089
蘊	19323
憨	14457
缽	16793
奚	14412
侶	33149
捻	12332
錐	15001
緹	11667
灼	26873
磋	15635
縝	11635
恤*	19474
伽	16313
閩	13672
驕	24493
闔	12221
惶	30723
沸	17363
璣	20399
拴	11585
惻	12593
稠	11500
柯	25810
擴	11641
么	12902
朋	21211
瀟	34737
寰	28512
筷	12765
聆	16255
棣	15806
喇	12095
屜	13381
鑿	21392
貂	12218
寡	21736
敖	16382
鈔	15335
閻	12610
逕	11263
蚤	13640
聰	27915
圳	11549
眺	17734
醋	29567
玫	25962
叭	25353
甸	23398
兢	13913
窘	23399
謐	16697
懈	18655
鞠	11081
拙	27561
皓*	32457
陝	11042
螢	11566
劾	17881
鵝	18736
剿	28748
鮑	12052
廖	28421
柏	49412
颯	13841
滄	14812
廬	17021
薨	10893
瑾	37725
掰	12143
函	21653
梓	18434
啼	15553
癟	14434
啐	10769
檀	20730
詭	18095
筐	13830
騷	25520
柬	17113
錮	12082
弊	31575
砌	13726
醇	14162
謁	15021
盲	14226
迸	15518
馭	21665
毋	12163
拈	10557
綱	44185
卵	14793
遽	11744
郊	32152
漂	13155
杵	11130
瓢	11561
靚	15672
匡	11622
臧	10530
銘	52588
磅	16412
估	35852
剁	10368
棱*	16717
贖	14210
鞍	19106
冀	20697
勃	60500
牟	12366
渺	23790
繳	26425
餉	24932
悻	10842
翦	10185
禹	31878
矯	13102
眷	24163
禾	20397
搔	11426
茗	21962
毗	10112
闡	10563
篤	12136
戌	32567
柵	12274
脂	27308
缸	28447
虔	10012
岡	28812
閭	10461
濁	22164
弧	12883
陌	12818
祁	13697
曳	18249
檻	13793
晏	20617
杉	17567
燥	26788
洽	18061
痺	11373
攢	15162
淬	9877
炳	12554
聾	17254
郢	9867
培	26690
倪	22167
攆	9760
萼	12368
賂	13886
舜	19211
噎	12334
綴	18158
綰	9671
奢	19445
六	39105
懵	9623
厄	12467
劑	34325
邕	9612
咎	15850
鏘	13886
羿	12591
翟	10678
馱	9576
漿	38669
鐸	20015
駿	27866
蒲	25799
鈕	18449
岔	14600
壕	16490
謬	17872
俷	9518
汴	9517
鍔	11377
頊	13427
瘩	18032
簸	10159
俘	31783
啜	9481
疫	20663
迂	11898
炫	10698
亥	36844
璧	22839
嚓	21371
脊	26279
惘	12999
蝕	25684
僚	37545
鈍	16804
漪	19068
棗	15024
硯	17325
磁	14732
滬	10994
坪	23274
袂	13574
樵	16064
勺	20169
詢	36769
韌	14867
簇	12320
婁	9955
駱	10837
兆	28271
徵	12034
嬪	13789
滲	9279
傍	9748
鎧	9167
靨	12812
軸	22011
鯊	9226
蜒	11644
繚	13493
槐	15242
耕	14142
闞	9192
閹	9105
炭	26536
竿	20795
窒	9078
呦	9045
詠	14618
嗜	9325
藹	12394
頒	23112
弒	9186
韁	10364
恬	16350
栗*	31789
頌	22534
蹂	9632
吭	17332
墩	12204
喧*	9119
嵩	30725
羲	25291
灶	15278
彰	17984
卉	14000
嘔	14496
檐	22783
箍	10404
啄	9255
椒	15449
誨	15979
棘	14973
芽	17337
鄂	9999
鵑	15348
弛	19549
肝	21718
努	11897
蚊	8893
凄*	13587
誕	21229
竺	16421
暱	10918
肌	13175
茄	12679
汀	14416
槳	13499
釀	19687
翊	21118
蹋	11220
鉛	8954
殲	22214
薪	22027
晝	16524
伺	12246
犀	18703
掖	12059
綽	27191
酥	10170
喏	9861
囂	23683
肋	14643
零	26440
璨	9763
吒	14907
臾	9336
悵	11571
袅*	21347
裔	17693
芹	16723
勻	16544
邢	10683
倜	8391
鶻	9583
汨	8379
鯤	15431
肴	16416
券	28647
恙	20846
髓	24950
苻	8278
隼	10925
漱	15069
瑛	31356
稼	10632
戾	15409
摁	8238
璞	20478
煎	10103
咪	19241
鱷	8339
黠	11601
燼	14642
糜	8592
歧	26694
佯	8302
嗇	9118
吠	10220
掂	8795
茹	35074
燉	8488
嫡	15313
銃	13558
剃*	8425
摻	8419
憬	9127
酌	16007
偎	15538
箋	13330
崽	8208
骸	20404
葦	20520
淘	8466
糾	8031
沃	22695
暑	23205
脖	10222
誦	23857
涅	10529
狡	8338
齷	8539
瞻	17540
捎	7873
酋	8940
繭	10211
翩	17992
磷	8426
璐	26774
絨	15516
鸚	9278
秩	7797
燁	28782
甥	10663
涕	19536
垢	17499
蔥	17693
蟹	15146
琬	17130
碾	7806
糞	11859
盅	8991
倡	10962
汐	10412
刨	8159
緬	8459
緞	19792
鐲	11997
澹	7797
酈	7635
貸	18455
霓*	11982
薊	7648
溟	10553
驥	13674
嫗	11801
澎	14140
讒	7573
攙	7627
粲	7570
七	20316
褒	7570
鐧	7782
繇	7552
寥	18531
緋	7938
銬	14345
嬤	8623
幌	7790
祚	9941
膜	23345
煬	8511
珂	19573
緯	18108
膺	13052
霖	47805
鋤	8252
輦	7721
磯	12728
拘	11203
溺	12121
邯	13130
箏	16561
蛙	14726
謔	10534
拗	13071
顒	7331
黏	8564
琊	10470
韜	22631
框	18494
綸	12326
橘	7841
嗥	8631
喵	7282
箕	8671
酣	9705
卯	34501
淹	12047
狩	8359
膠	18969
庾	7165
摳	7165
穌	7751
榀	7154
浦	17629
忡	9873
菁	24917
匿	22124
亨	27088
灃	7099
詹	7914
墉	7080
鎊	13423
鉗	10742
靡	21379
壑	12921
稻	12754
鯉	7046
祟	15244
鄒	8100
膏	20983
扈	15835
頹	11209
汜	6972
靶	8981
燎	11877
佗	10834
撂	6933
鐺	13660
鱉	10638
彝	9060
泌	11958
嚅	8814
簪	9571
杠*	12772
晾	7634
閏	7155
泯	7229
泓	12940
曜	16535
肇*	7068
絆	11664
侮	13264
舷	11895
愷	12443
啷	11429
樞	16826
漓*	25027
晁	6840
醬	13914
倔	6771
湄	7486
蟆	10035
販	21167
浚	15137
偃	6732
僮	7534
斫*	6740
腑	20111
迥	6716
瀚	15913
攣	7375
栓	11152
遏	19045
炯	21227
痰	6820
跤	10015
濱	22155
兌	11513
晟	21743
摯	16188
滇	6551
覦	7152
贅	10305
跛	6530
魘	10076
嗷	11948
悸	20293
噘	6524
蕪	12457
慫	8098
紇	9717
冽	17120
苔	12662
褥	9368
縈	11753
璽	16332
睨	10898
慚	14915
踞	12718
窖	13211
耆	8050
嫻	15283
駢	6439
昶	12605
纓	14578
隗	6410
浙	14135
漉	7239
儉	20360
拄	6387
羨	13126
雌	6395
佟	8071
噫	6355
哂	6622
孚	11770
殃	11957
箐	6338
庚	23233
圭	10133
驤	16639
宦	11753
梗	9968
殖	18856
熜	6416
拌	9559
萇	6273
譙	6271
眩	20056
騁	8509
腎	8137
菇	10966
攘	10787
驍	6656
莞	7774
謨	8645
餌	13536
鬢	12480
剔	14556
桔	6199
氐	6223
譴	6275
暉	26704
睽	7113
餒	8113
猝	8422
阡	6219
茅	15309
擢	9470
燦	31823
篆	8958
粵	7850
笠	16475
癲	11986
闓	6122
億	17199
襖	11662
塑	17204
鏽	9787
椿	8544
腆	9080
闸*	8374
佶	7785
鋸	7571
畿	11977
匕	6031
曇	7826
俅	6012
玨	24457
炙	6433
夔	5993
訥	15070
濘	6335
晤	11524
誣	8802
褐	5975
茵	18654
巔	9968
趾	15067
摞	5949
筠	18313
芯	14497
髻	11647
廄	5916
浣	5947
剖	10398
懲	11672
崎	15947
咻	9094
怦	7222
峭	10221
挎	6020
坝*	14135
茨	22808
饞	10278
鴿	15111
烙	8607
馴	9926
桅	11084
扼	6554
楨	12576
睞	6639
噔	9333
啻	6136
誒	5778
躡	5775
犁	10231
隕	5767
瑁	7595
瀆	10181
殤	5967
刊*	25111
刪	5990
嚕	24216
蜥	8768
勉	15463
壤	22268
九	32916
噌	5678
噙	5669
胄	15243
鶚	5629
噥	10618
恁	5599
霎	10743
緝	12341
藐	6725
鴇	6654
皋*	10812
紊	6709
譏	8611
幔	7491
寅	42648
悖	6344
舀	5556
霾	6851
檜	7873
匝	6170
劭	5784
繹	12460
涇	5550
豁	5543
踝	8829
夙	7289
蔚	11928
喟	5960
娉	5694
猩	13184
聿	5502
侗	5474
鮫	5472
螓	5451
揩	5431
汽	12215
蠟	8509
苞	6908
泠	5499
煦	15443
呷	5396
觴	6207
煜	16837
汾	6345
轍	15938
媒	14410
槊	5362
氈	8437
釜	5412
髦	6896
巽	5348
莒	5347
瀨	7795
脾	7812
亟	5775
癸	10295
靼	5842
琰	16102
淄	7284
癩	5287
獠	5319
丕	9739
蝟	6279
酉	26950
偵	8146
梆	5338
剮	7997
眥	5257
綃	5246
頜	7939
哐	5240
怠	11343
蟾	5235
縹	10135
筏	11291
滔	13464
偕	6704
蝗	8675
閡	5964
逵	14589
綜	7519
黝	7416
繆	9894
簧	11383
撣	5641
杭	10955
貿	12482
旌	10523
漣	7008
淪	9552
邈	7618
頑	6975
蠕	5151
蘸	5142
弈	9505
穗	7993
枷	5119
菌	13705
撮	10121
溥	5669
綏	6747
宥	5164
郵	13420
鞅	7080
纂	6612
嬈	7074
渙	5086
郅	5075
唷	6610
舫	11092
藻	11465
蹣	6541
渥	5047
辮	6147
馈*	9424
鰍	5980
俸	7183
亢	12955
臚	5021
藕	5852
賑	5942
窕	5551
沓	7570
萎	7399
莖	10066
瘡	7589
潞	5094
頷	5095
漕	4981
炬	11238
迢	7995
仨	5011
騾	4966
溶	6544
瓮*	6067
泗	5826
孛	5099
奠	9057
噶	5039
渭	8514
澳	6225
孺	9624
哺*	5969
噠	9841
杳	4897
婭	38264
磐	6246
癌	11315
遑	4887
狙	4863
榆	5597
螺	10876
睦	11880
蕙	8960
嘰	7461
昨	4795
漬	12786
貳	5018
勘	6111
閨	7740
騏	7706
葷	5553
穢	13395
謗	8603
撬	4820
胥	11510
訖	5138
喳	12364
滌	9032
遢	5191
噪	12670
邙	4705
嗒	12651
闐	4691
噲	4664
獷	5254
軻	12918
掾	4647
咔	7329
杞	5069
碳	6200
苛	6693
鎬	5206
瞰	5836
黔	5159
詰	5763
盎	4590
蚩	4590
坳	6298
蛆	4560
巒	11073
縉	4711
燮	4558
渚	4858
紐	12278
淇	9728
餮	4652
忻	6124
涸	5775
郗	4577
槌	7294
媳	10472
筵	10326
汲	4883
噤	5850
萃	7634
斡	4444
訟	9632
籬	5887
魃	4432
盂	6397
瞼	7769
皖	5985
嚏	6889
咂	5749
卞	4529
伎	6103
紡	7126
扉	8441
憎	7412
涎	9552
儼	8396
橙	6447
愉	9351
嘣	4614
壹	4442
痣	5780
闥	4332
痞	8668
糗	4316
企	11458
卤*	4385
昱	14244
秤	5345
矜	6117
椎	8238
稹	4285
咨*	4275
隘	11219
儔	4267
蒜	8274
晗	8972
汩	4715
咄	5467
匾*	7763
僑	7646
熔	6317
揄	5086
暨	4652
嗬	5591
剜	4225
羈	9550
綬	7151
舐	4215
悼	8402
黜	9897
榨*	7283
揆	4215
緡	4197
濾	5944
帷	7739
岑	9513
僭	4178
擻	6809
嘀	6282
趄	4871
猗	4162
彧	4148
弁	4705
芮	4712
灸	5226
嫖	4137
氧	7053
瘸	6929
瀛	10586
鐮	4858
牒	6718
鑰	4898
唆	8613
皂	10428
赍*	4107
誹	4105
襪	10365
攫	4098
帚	6635
賡	5042
籟	8184
殞	5055
襠	7821
櫓	4070
邳	4068
窪	8781
詆	5081
鷗	7806
軾	6980
籽	4241
玖	7999
奐	5228
雛	5750
燾	11584
艮	4184
惰	6271
螂	8822
蛾	6224
嚀	7912
僖	4006
菟	4000
礫	8230
捺	6945
鵲	9327
祜	4086
葭	3991
毆	13119
嗲	4527
繕	6854
饗	3960
雉	6093
嚶	6375
唧	9772
褂	11880
璜	5001
沂	5691
蜷	5622
舶	6978
淆	5127
昀	10162
疵	6351
贍	3995
獒	6638
暹	3905
誥	6238
懍	3909
咣	8355
刎	4389
頤	11118
踮	3902
畹	4019
琢	9298
囪	4106
啖	3879
嗟	4171
忤	4203
鄆	3850
韶	9159
袒	7652
蕉	9174
臊	7785
賄	10302
溯	9986
綹	4323
拷	3808
墾	8952
淤	4186
渝	9753
遐	5018
瑕	9840
戊	4180
捍	3997
棕	3836
麴	3916
濮	3756
茸	6769
鷺	5585
摑	3734
夥	3733
懦	6657
皿	5284
滸	5624
貽	5583
贓	12032
呲	3707
濠	3706
儂	3740
罔	4117
滕	5292
宓	6675
鉅	4152
瘠	4568
垛	6251
殛	3649
騖	3646
徇	3680
瘟	3898
娑	6432
軋	7947
檄	5063
倌	6774
笆	4553
簣	3841
烹	5301
谘	3601
噯	3583
驃	3581
岱	10895
診	12228
喙	3630
銑	3572
麾	3627
祛	3639
茴	3565
佻	4342
鳶	4246
籮	3985
鼐	4559
昕	8671
歆	8760
沏	3532
愫	4592
麓	9844
鑾	4572
猖	5012
阪	8741
薯	10271
俾	3511
怏	3822
豚	5922
贛	4141
樽	3489
町	3632
庇	8645
膘	3614
歿	3475
僂	5396
鋁	3762
掬	7017
腌*	4088
睥	3457
姝	6677
雹	5407
鬃*	4638
漳	3778
淀*	6134
慍	3420
檳	3737
毓	5529
筍	9801
鑫	11748
簍	6163
陛	3403
惺	5802
肪	4737
潁	3647
隅	8120
訌	3523
吮	6677
饃	4894
顰	3709
涔	4246
潺	4458
琮	9416
柩	5370
猱	3336
嫦	3336
擼	3335
鷙	3376
睫	7718
靳	5980
榭	6621
袤	4170
顎	5186
磺	4152
沽	6156
懣	3718
豺	3275
篙	3449
蟄	4348
瀧	3263
軫	3262
佞	6502
箸	3276
堰	4266
弋	6310
摹	6839
荼	6232
笏	3217
仞	6287
膿	3933
蚌	3597
諦	8715
噩	4891
譎	4647
呶	3191
謫	4173
蟠	3258
禛	3278
貯	3909
逖	3161
娛	6300
紈	8238
褻	6976
亙	6185
涮	4740
礁	7020
榴	5207
鹼	4067
僉	3110
蜓	3715
蘅	3426
蔫	4126
鎰	4628
塹	5296
腴	4277
熠	4481
諤	3052
堇	3169
瘴	4352
瞿	3209
篡	3038
餡	5422
衾	3171
卅	3024
瑭	4967
瑨	3007
涪	3005
衩	3444
訛	4102
嬉	3316
臬	3192
鄔	3286
煽	3028
芋	5344
圃	8562
櫥	9253
眇	2973
謠	11380
飭	5039
蠡	5165
鉞	5923
奼	2959
嫉	4843
硅	4573
驪	3889
拯	4611
犢	5061
粱	5664
閎	2950
鬣	2950
愾	3256
殉	2927
匈	2923
偈	2920
欖	3434
槿	3373
蛹	3226
溉	3958
碴	3894
潯	2908
忝	2900
閼	2899
幄	4853
囗	2886
鄺	3094
瀘	2907
楷	13238
霽	5754
莓	3798
嵬	3122
嶷	3592
阜	4720
賃	4045
嗝	5165
抒	4747
廁	5442
沼	6192
馥	8466
臼	5162
燧	6414
艱	6763
惲	2832
蓀	4058
鑠	5659
酆	2808
弭	4041
荻	7650
睢	2978
虢	2879
矚	4476
鉦	2786
妲	5289
恣	3653
潢	4279
遛	2763
湫	2761
紂	3815
硫	2948
鈸	4204
醺	5292
飩	3533
啮*	3228
儷	4817
蹇	3056
讖	2727
礪	5136
颼	7542
蚱	2912
忱	6947
烽	5340
鷂	2691
麝	2682
磣	2750
褓	2875
嘮	3050
覃	2852
盹	4410
篩	2783
沔	2665
嗵	4033
謅	4059
坯	4564
紓	2653
珈	2878
輅	2650
湮	2649
譖	2676
唾	2799
珞	5187
囈	3215
媼	2884
龕	5650
峪	3974
菡	5275
睚	2614
愴	4506
鍬	4579
禺	6994
沅	5693
兕	2599
惴	3182
嗓	3187
芍	4844
汛	3562
誑	2576
灩	3633
嗑	3320
怵	3996
呱	5279
閂	4963
惇	2555
衢	3480
呤	2721
鈉	2787
泫	2541
錨	5531
罹	2593
驁	5083
蜃	2533
陲	3662
摒	2525
瘤	7739
夯	2616
遨	2794
輟	2702
壬	2486
翳	3307
荑	3830
樺	8549
駟	2684
磬	2528
臍	4536
衽	2709
嶠	5241
赧	3418
柿	3812
鈾	2506
涓	7012
熒	6360
釗	11495
邇	4075
迄	2421
塾	3608
抻	2502
誚	3152
濯	2724
珉	7582
坨	2653
鋮	2680
咀	2399
鑣	3417
錕	3401
絛	2386
胛	2680
蜍	2784
氅	4222
詬	2359
肱	3277
洵	10731
芻	2660
幗	2522
撻	3408
鍍	2614
慟	4733
濡	2347
欒	3032
蔗	2675
櫺	3270
凋	2340
歙	2647
唳	4162
莘	2886
蟈	3588
奄	4131
銖	3473
陂	2761
鏃	2946
澶	2292
姣	4676
岌	2518
郃	2290
淼	6763
荃	9618
圉	2279
榷	3988
崴	5592
酪	4227
圜	3715
呔	2260
爻	2259
啵	2536
矗	2398
蹴	2321
顥	4451
掇	5431
鵠	4815
蹕	2327
漩	2822
肓	3394
羸	2226
楣	5872
諳	6867
骰	2216
苯	2279
嘞	2282
甌	2590
恂	4468
柒	2199
犍	2197
寐	6053
楮	2195
懋	2742
寮	2318
逄	2185
蹩	2183
儻	4361
摶	2177
墀	2265
癯	2342
祢*	2169
烘	8555
闈	3612
嗶	2164
嵇	2164
踅	2158
笞	3256
夤	2149
勰	2143
膻*	2695
酡	2141
狒	2751
潼	4383
搡	3882
羯	2215
滂	2119
闋	2182
胚	2114
畋	2113
陟	3164
轆	5205
橇	3144
煲	2434
唏	2283
伢	2096
囤	2092
鑌	2080
崤	2072
諉	2787
蛤	2084
幃	2078
雋	4787
垠	4552
竣	2266
橡	2051
帑	2048
飪	2190
曙	4091
娼	4948
逋	2038
霏	5725
譬	2046
飼	2110
皎	5043
猷	4940
癖	5888
摜	2024
璉	5570
蹠	2019
遒	2016
耙	3400
榕	4896
穰	2013
勖	6614
汶	3710
鐐	3898
蜻	2006
瘀	2099
芥	3776
爰	2366
埠	4586
嘈	1988
乓	4989
羔	2713
轡	4083
媯	1982
翕	1978
歟	1972
瞽	1971
靄	4450
獁	2084
滓	2238
悚	4161
駑	1962
騅	1958
潦	1956
鏤	2472
吝	4458
耘	3521
酵	2257
氫	2114
硝	2802
璁	1942
磔	1934
琨	5778
葆	2110
琚	1921
蒿	2389
黥	1916
駙	1914
璀	1913
鍥	2626
謖	2607
讜	1898
噝	3376
泅	1934
椴	1889
偌	1883
秣	3651
踵	4548
騫	6892
糠	3964
嗄	1872
嘁	1872
旃	1862
俑	5952
戡	1851
秧	2752
鴆	1847
囁	2076
熹	5477
啾	3810
殯	3545
羆	1843
舢	1954
煨	1835
隍	2472
赭	1827
摺	2045
牝	1826
侔	1817
銓	3443
硌	1803
礬	2365
殮	4370
諂	1806
匱	1866
忪	4009
奘	2451
驄	1788
椽	1829
坍	2561
猥	2093
梏	1991
俚	1870
葺	2221
楔	1783
澧	1886
嶙	4505
曝	2082
俎	2597
婧	8303
吆	1838
詎	1754
賒	1754
炊	3381
娩	2035
搽	1744
褶	2633
玟	1793
繒	1733
痘	3611
洮	3112
騭	1724
洙	1724
炷	1723
腚	1722
鋌	1721
祉	2595
幀	1969
瘁	4275
鈣	1877
鏗	4380
恚	1706
睇	1704
竦	1704
柰	1701
狷*	1697
鐫	1725
愆	2118
誆	1687
隰	1683
瓔	4122
咖	2873
菩	1673
傕	1670
荏	2199
莅*	1669
圻	1949
衿	1668
佃	1954
槨	2931
貲	1744
熨	2128
拇	1660
稔	2917
崍	1892
仄	2096
翱	1992
豕	1654
窠	1653
戢	1652
荔	2045
牡	1641
苓	4577
曷	1638
瀝	4761
締	2556
贄	4797
罄	2723
徼	1627
纜	4789
娣	3997
蛻	2013
蠲	1617
憩	4695
饌	2067
狎	1768
杌	1615
藜	3199
搠	1608
侉	1606
鞏	3330
鰻	1782
諛	3536
覲	2714
蘚	2041
椰	1589
洌	1587
豢	1587
鰭	2198
廩	2429
嘏	1573
唁	2031
邛	1765
縻	1569
祺	6558
筮	1599
佰	1562
樾	2399
鄢	1559
喁	1588
犒	1544
锉*	1543
蔬	2883
晷	1808
痿	1936
崛	1537
邴	1534
酶	1983
黢	1526
尕	1524
笮	1515
烊	1750
寤	1515
姒	2700
戛	1560
祇	1508
佚	1934
殄	1506
椏	2163
抉	1500
貅	2257
邐	1647
縐	2621
稈	1951
覬	1488
賚	1487
栩	3113
蹶	1501
淖	2436
蜇	1636
鐙	2887
峴	1468
鶉	2746
瘌	1597
縊	2302
粼	3069
渲	1457
紜	4303
爨	1454
馗	1883
冗	2056
蒹	1443
泵	2508
髭	1798
黍	1852
嬙	3571
玷	1463
徉	1771
苜	1435
皚	3320
訾	1431
挈	1630
湍	1557
殂	1428
讎	1945
泱	1801
鉑	1421
糯	1432
咿	2705
諍	1687
橐	1716
囉	1414
鴣	1589
彀	1412
齜	1411
濂	3097
缄*	1411
蛭	1939
脛	1402
孬	1434
汞	1453
惦	1401
蕤	2350
轂	1515
螟	1396
瞑	1501
鯢	1583
膨	1429
鏜	1492
芨	1385
戧	1383
菀	1422
赳	2236
朐	1655
宕	2834
襝	1380
鞫	1377
翌	3567
矍	1372
焊	1806
諺	1737
噼	1665
糝	1388
烷	1751
玥	1363
鍘	1358
虱*	1462
悌	2083
嘬	1349
陘	2103
撾	2562
淅	1542
閬	1340
螞	1339
螳	1336
淞	2344
聃	2753
乒	1549
釧	2665
塬	1360
詵	1324
埂	2189
惋	1559
曖	1323
嬖	1322
卬	1315
苫	1329
鄯	1313
顓	1310
肜	1310
咩	1690
紿	1301
鍁	2732
儈	1764
懌	1826
澇	1834
氮	1379
縋	1294
釉	1608
臠	1366
纛	2281
汕	1730
煒	5767
醮	1498
獪	1301
樗	1272
旰	1269
杈	2831
謇	1837
懟	1266
鋅	1339
挹	1261
岷	1383
餿	1257
訐	1947
灞	1253
牯	1273
鶩	2232
貉	2334
螫	1272
鬻	1243
瑗	2875
湎	1521
倬	1235
獺	1925
氖	1228
燜	1261
髡	1226
瓠	1226
蠹	1322
伉	1224
旄	1223
倀	1858
麋	1216
槁*	2467
莆	1213
旒	1211
舂	1209
裨	1206
岫	1662
憧	1970
莜	1205
箬	1204
甑	1204
咆	1202
翥	1236
鈐	1570
鯀	1197
臆	2122
垓	1195
絀	2728
勐	1288
賅	1464
迨	1186
淙	1784
饉	1495
蘄	1175
阼	1170
緇	1192
黼	1161
癬	1558
腓	1642
禳	1158
蜮	1767
褫	1153
蘑	1778
裒	1151
蚨	1144
廡	1142
壟	1665
媸	1140
氦	1138
腋	2027
疋	1136
乜	1286
佇	1130
瀕	1718
虺	1156
獐	1124
猻	1123
襦	1122
鑊	1121
楹	1120
洎	1119
莢	1742
剽	1115
畦	1392
螯	1160
湟	1111
軼	2014
仟	1108
騶	1107
屙	1106
呻	1106
彘	1118
詛	1448
庠	1320
鏨	1100
珙	2195
耋	1435
砧	2501
鱔	2004
踊*	1091
鸛	1088
鴟	1086
畸	1085
燴	1976
詮	1801
覘	1083
愜	1082
嚯	1411
錛	1080
瞠	1318
螄	1149
輻	1100
啤	1734
蛐	1399
炔	1140
縑	1069
鳧	1085
觥	1069
孳	1068
詒	1138
猓	1067
鐃	1062
麂	1061
褳	1262
鉉	3722
眭	1058
孀	1789
粑	1542
躔	1051
孑	1128
蝸	1060
欹	1048
迤	1753
鄖	1047
圩	1227
磧	1212
眙	1183
郯	1045
葩	1985
囿	1636
愎	1491
枋	1035
坻	1165
倨	1030
洱	1722
桁	1029
羚	1096
諶	2645
悝	1025
秸	1977
牘	3332
瀏	1022
甬	1056
餞	2050
咫	1148
壅	1015
懊	1012
柘	1296
鎦	1008
鸝	1759
蓑	1005
絢	1647
纘	1104
鈦	1020
蓍	1000
蜢	1225
蛀	998
葳	2066
厝	997
孵	1024
倥	995
紆	986
喋	1623
榛	1135
啕	1505
暝	991
胳	1137
鮪	977
哞	974
昴	1496
佘	1032
婺	970
煅	970
鏞	1562
痤	969
裾	1868
餃	2011
檑	962
侑	1213
羋	961
糨	976
欷	957
痍	1727
腺	3793
儺	947
暾	946
鍪	941
鎢	941
閽	940
悛	1183
璩	939
渤	1173
沱	2479
惆	932
硤	957
恫	930
蠔	930
鏑	1992
庖	1863
閶	927
飧	926
黿	921
跎	1178
藺	1421
艟	1004
姘	915
崆	912
篋	937
怛	910
氯	965
撳	908
箴	1085
鉀	1282
耒	906
燔	906
幘	904
砷	904
屐	1395
砣	1779
鉻	1017
鏵	1536
楸	917
獾	1024
焙	1161
堞	1134
亳	893
枰	1241
鼬	936
涫	890
柞	890
杲	3527
爿	986
顴	884
隧	884
搪	1669
慵	1468
氂	879
聵	1980
篁	879
戕	1463
犧	878
氨	923
吖	876
瓤	995
韞	1451
餾	1322
澍	1800
鼾	1462
犖	1154
蜚	975
瘞	868
糴	868
礽	865
殫	864
櫂	861
佤	872
竽	903
懺	856
擘	1420
敫	850
芫	872
孥	1315
珩	2139
洄	885
諄	1223
耄	1071
櫚	1039
諢	1360
碣	918
杼	1098
蜉	1054
徭	833
貊	831
裱	1626
叵	825
咴	824
儆	884
豳	819
嶄	974
醴	816
柑	967
蛔	816
楫	1487
眚	814
詈	889
儋	809
曩	809
胺	1124
浜	1058
捫	806
拊	806
腩	937
逑	1409
蘩	801
蠣	1120
炅	1381
笄	1001
樟	1273
妗	797
楂	1061
舸	1693
鄣	791
乩	1035
糶	806
霈	1043
刈	1211
摭	780
耷	779
謾	774
謦	772
迓	772
洇	771
碭	771
轔	979
癰	769
遘	768
胭	767
棰	765
漚	770
疽	1264
蚋	984
穡	1288
鉸	754
湓	753
輊	1116
鍺	750
驂	749
珥	989
喑	871
肛	825
苴	843
嫫	745
讞	743
蓁	1447
鋈	740
奩	1216
焐	739
呯	736
藎	736
艏	736
縵	736
蒯	827
篾	1082
鎳	730
洹	729
牖	867
悫*	727
蕨	736
嶗	724
鼉	724
嶂	1615
妣	1452
趺	720
圪	719
笥	718
躋	1315
韙	1917
粽	713
冪	713
怙	834
廨	710
紉	1227
儕	857
杓	708
頦	1571
蚺	706
賾	1367
洺	704
靛	1022
蕈	792
畲	700
檣	906
峁	698
稗*	696
疹	1569
屹	1663
芩	855
鈿	1245
鎂	706
葑	692
媾	1067
擯	689
縞	689
杷	1206
雩	687
樅	687
郟	686
囧	685
聒	702
悒	1062
歃	684
彗	719
塋	1410
翮	681
媵	676
橈	674
輜	673
齦	946
藪	998
櫛	667
逡	666
鉚	693
枳	666
餑	1439
莠	677
熵	699
鈷	666
趿	665
魴	663
觚	663
閫	662
蓼	700
薈	935
蟮	685
緄	657
劊	656
劻	656
沆	656
笳	1161
柚	701
燠	651
剡	651
毖	847
亓	651
痂	1557
疥	748
旆	649
埡	649
鈀	648
邗	648
皤	646
粕	921
銥	644
軹	643
玀	1188
綦	642
刖	641
箔	1722
傖	934
濞	638
卮	637
稞	1052
騮	1211
玎	651
攖	634
擷	1221
紱	632
灤	779
槎	690
醪	786
殳	625
諞	625
擤	625
苕	811
蕘	637
鯰	624
噱	623
浹	622
慝	621
砥	620
岬	699
鰥	618
鏊	617
戇	617
蝮	617
喈	615
仵	615
晡	612
蓿	733
冼	611
飴	1100
蹉	610
勱	610
讕	609
衄	626
獬	608
抨	608
鋇	607
厴	603
T	7883
A	3925
轤	731
跣	642
魦	624
煢	599
虻	1028
榔	1073
畀	595
瘙	642
鰓	679
痢	1303
擀	860
庹	592
慪	591
鯽	921
邾	590
堊	1008
罌	586
鈈	586
幛	807
膾	583
搴	650
獍	582
怍	620
瀠	582
娠	951
吡	580
%	4439
箝	577
謄	755
孿	572
蓐	572
碉	571
艄	620
頎	1298
柙	584
睃	569
痔	578
醢	566
佼	1049
琵	562
醯	562
葶	560
蘢	889
亻	559
裰	559
髀	557
雱	556
瘳	554
荍	554
狨	553
艉	553
饈	1022
顙	552
雎	1142
鬮	1070
鐳	650
鬲	550
陬	548
訇	1072
皰	662
焯	544
誄	543
嶧	543
澌	542
痙	540
閆	604
痾	826
釺	963
刳	539
淏	539
盥	582
齏	535
郛	535
櫳	535
缶	533
詁	845
錳	570
瀲	530
諼	529
舛	1197
胙	527
窨	526
崞	525
躚	1064
喱	689
鐝	523
芾	836
緦	522
橛	521
圮	519
圄	1050
祧	519
怫	519
滏	518
耨	537
淦	1252
豸	935
砭	872
褊	514
隳	513
巋	512
浠	510
蓊	507
芟	507
瘧	520
唿	504
尻	503
嵫	576
瘢	516
囀	576
癆	813
硼	498
醞	497
丌	496
菸	496
踣	495
菠	495
崦	494
蛉	720
銦	493
嚦	825
矽	492
郴	491
砩	491
髫	721
枵	489
籩	489
舁	489
盍	489
賻	488
黷	486
菅	486
窳	486
岜	948
俁	485
埸	482
瞭	610
郾	481
剄	476
孌	473
韉	473
盱	472
鄱	472
扦	471
劬	471
梃	471
釅	471
齲	470
珣	469
淝	468
堀	468
淶	468
遴	468
瘍	1139
耬	468
菽	467
苒	1233
詘	466
膈	466
柢	492
淥	464
塤	464
罅	491
琿	1222
櫬	498
緱	461
胰	524
癭	460
傴	460
捌	459
匏	459
巹	459
瀣	457
裎	474
蒔	697
溷	456
孱	455
詿	454
匭	454
俶	452
嘵	451
砬	450
麈	450
玳	449
諏	449
黻	446
掎	446
崮	822
膂	461
菑	442
軛	456
韭	496
璘	439
饢	439
櫟	438
洧	437
痧	519
踽	479
皈	434
鋃	434
鷸	433
躉	433
觶	432
祆	432
薺	662
堝	476
譫	427
蹼	525
殍	560
嘸	423
錁	422
梍	422
佾	422
埽	422
茁	421
埒	420
笪	419
僨	419
嘹	418
蟊	418
蘧	414
齶	434
擐	414
掮	413
濰	412
碓	569
泮	425
隹	411
躓	410
蟥	422
炻	408
滁	407
癇	541
齙	407
鈁	406
陴	406
咼	406
鴕	405
狍	404
霰	404
薅	402
煸	402
塄	401
傣	401
螈	714
櫝	399
榫	441
酮	628
氍	395
贗	395
苡	477
貰	394
碘	393
隈	393
縶	391
叻	391
耦	390
溏	390
沭	390
騸	389
皴	387
薌	387
鋥	440
饕	702
鍇	895
緗	875
瓴	564
杪	384
儐	383
蕞	383
鲠*	580
栳	382
疣	449
闃	381
鯛	380
婀	380
芰	380
芘	378
劓	377
簋	376
郇	376
鮎	376
昃	399
嵯	375
浞	374
玔	374
飫	372
覡	370
栲	370
遄	370
眄	370
肫	370
哏	499
紺	417
灝	1965
墒	382
貔	367
鮒	407
桉	458
糅	584
徂	364
詼	364
禇	364
鰨	364
蒽	364
纈	362
馘	362
腱	712
貜	362
慊	361
鈹	360
彖	360
薏	360
熘	358
酤	357
堙*	357
綈	356
筇	355
堠	355
訃	355
氟	368
垃	679
熗	354
軔	353
硎	371
宄	594
矬	350
浯	349
嬗	348
萋	657
圯	348
秫	348
趲	346
噦	346
酢	573
暻	346
莪	345
鰩	345
嚳	491
綎	345
屣	415
廛	344
瀹	343
蓖	342
舄	341
毳	339
玠	339
逯	339
凇	431
檁	337
鷦	335
惝	333
埭	332
蛩	332
鑷	331
桴	331
楝	411
鐔	330
褰	330
珧	329
攮	329
茛	354
逭	328
麇	328
饜	328
殪	328
萏	383
漵	327
珺	327
祅	327
榪	326
餼	325
嫠	324
憒	529
蘼	323
嗉	322
磴	322
帔	817
舨	438
庋	322
酊	633
紲	321
魷	320
苣	503
閾	336
糹	320
碚	340
柝	353
砒	318
銻	317
媲	317
頇	390
碇	593
菏	316
扌	316
刂	315
鋏	314
肄	313
僦	313
悱	382
筅	313
啁	338
蜊	343
湔	311
祐	311
欏	607
閿	310
諑	310
卣	308
敉	307
涑	307
鱈	306
攛	306
艿	306
憮	304
鬩	304
癘	707
泚	303
鎩	301
鷥	437
鬈	887
々	301
鏖	301
鄶	300
扃	299
屨	298
簟	298
螽	296
觜	296
櫪	417
閌	296
礱	296
罘	296
臃	295
俳	295
薜	295
堋	294
萁	310
篦	351
糸	292
潸	349
藿	391
醚	437
芎	365
酹	290
溲	336
肽	519
濼	288
貺	288
蚜	287
坼	316
頏	287
佺	287
繯	352
蕁	286
砑	286
酎	285
氚	285
濉	285
菰	284
窬	284
猞	319
黽	282
貘	282
跬	281
賕	281
篚	280
澠	279
蘖	311
溱	278
蔦	278
昉	278
轢	277
侏	277
珅	277
圬	277
餳	276
忭	275
胍	274
蕖	297
菹	273
闟	272
燹	307
莧	347
櫸	525
硒	271
謳	271
旻	271
掊	270
烯	627
蹀	270
狁	270
噍	270
蔞	269
亶	268
齔	267
氬	267
綮	266
蛸	283
蓯	266
笫	436
嵊	265
鼗	264
艚	264
鮃	263
蟣	263
鎘	263
伲	262
攄	262
銚	262
婥	261
耜	353
跆	261
鋦	261
煳	261
揶	261
酰	382
鵒	260
簞	260
蘺	260
鎣	344
罟	259
尢	259
慳	510
枘	257
壙	274
蛄	406
覿	256
萐	255
脘	330
帙*	328
瓛	253
絣	253
鏹	252
陔	251
袢	269
撙	250
浼	263
焓	250
薤	249
豉	394
瞀	249
拮	249
芄	248
鏌	247
疙	247
澮	247
筧	246
鶇	245
酗	245
蛞	245
纊	245
粢	244
檉	244
疸	454
蠓	244
仳	244
縲	243
鍤	243
褡	282
悃	243
驊	1890
朊	242
髖	242
岈	241
踔	252
傯	540
酃	240
麩	322
憷	432
庥	239
鱟	239
葸	239
鱸	239
輳	472
郄	237
揎	328
跏	236
郫	236
樨	341
橢	235
鉬	235
疔	235
顣	234
皸	233
鬯	233
茌	233
炆	255
爇	232
腠	232
汊	602
萑	230
羝	230
琇	230
蕕	229
劌	303
齠	229
嬲	229
嗌	228
矧	228
蔟	227
龠	226
璠	226
婊	226
釩	226
軲	224
w	793
荇	224
蠆	223
棼	222
埴	222
燊	221
疃	221
觳	439
拶	221
跗	220
檫	220
樘	237
葚	219
礅	393
郿	219
廑	219
跽	219
緔	218
壢	217
贇	217
芑	217
碡	242
耪	216
窶	215
襻	232
漯	214
硐	214
寀	213
壚	241
簦	213
捩	212
矟	212
岵	212
猸	210
諗	210
鄄	209
誶	209
菖	209
衤	209
妊	353
輥	235
邰	207
鯫	206
迕	206
襁*	206
厙	205
筌	220
嗾	205
縭	354
紕	203
嵴	202
嫘	202
髹	201
蓽	201
凼	201
髁	200
鄀	199
栝	198
玢	418
鋰	198
憝	218
畈	197
芡	242
坫	196
滹	196
酚	361
艫	415
畎	194
璟	380
汔	193
尥	193
芪	369
坩	192
璦	191
薹	219
蟎	287
鼙	188
磙	257
蠖	243
砉	188
酯	234
犇	187
烺	187
瘼	202
釷	186
狃	185
胴	184
牾	184
郜	184
垧	184
枸	183
峇	183
鶼	183
筲*	220
邡	256
輞	181
曛	181
甓	181
氰	180
瀦	180
蠛	179
縟	310
螻	179
昝	177
篼	177
飠	176
唚	176
鑹	176
觖	175
煺	174
淯	174
糲	333
笊	173
瘐	173
屌	171
揸	170
蟶	170
醛	327
囟	169
肟	169
蜩	169
禊	168
搦	179
阽	168
瓿	232
庀	167
繅	250
烴	211
闍	166
篥	165
躞	191
睾	199
蜆	164
菘	186
莩	204
乂	163
鹺	163
硪	163
蕻	205
鷓	163
鈑	161
溽	161
佴	161
菔	161
跫	160
槭	160
篳	160
紘	160
檠	288
鈧	160
黟	159
暌	188
饔	159
洳	158
梔	158
躂	158
裼	157
蚰	157
嶴	157
籜	156
鉈	156
郠	156
鑔	155
氪	155
茭	155
聱	155
磽	154
笸	154
妁	269
撟	153
昇	153
襞	152
蛘	152
秕	172
蹚	152
簀	152
鏇	151
獫	151
臁	150
忉	150
籀	150
釹	148
埝	180
蕢	148
駘	283
萆	147
坌	147
狺	220
蚡	146
璺	146
醭	146
窀	146
鯖	146
骶	146
糈	146
戽	145
苷	252
絎	145
柁	144
僬	144
徜	144
癃	144
偱	144
虼	143
彐	143
洫	143
榱	142
鑥	142
騗	142
趼	142
癉	142
搿	142
祓	142
腧	141
鱝	141
窣	141
膁	141
槲	141
穸	140
囡	183
罾	139
櫨	203
椐	139
忮	138
捭	138
笤	138
桎	138
玕	137
鱘	137
桷	137
窆	137
裉	137
畚	137
甡	136
錈	136
蔌	136
篪	135
瞢	135
昺	146
乇	135
蚧	231
鍶	134
恧	173
銨	226
蕺	134
芏	133
愀	133
羥	132
髂	148
蠐	229
岣	132
埕	132
苾	132
鷴	132
鶡	131
胗	163
錙	131
悕	130
茆	130
楗	130
醅	129
鐾	129
嗍	129
鞣	231
鋝	128
疝	128
卩	128
鍰	128
鰈	128
黌	128
溈	128
氡	128
蔸	145
氘	164
笉	126
黧	125
埤	125
糺	125
蝻	125
崾	125
戔	124
艽	124
贐	124
鋯	123
邶	123
鞴	123
爝	123
蚶	135
犄	122
匚	122
瘵	122
鑭	122
甍	122
嶁	121
臽	121
繢	121
烀	121
晢	131
笱	120
蟪	120
槃	119
羼	118
粳	118
覯	117
埏	117
綆	116
儇	151
蚹	134
殑	115
淠	115
漭	127
錒	114
蚴	114
簏	114
骱	114
亍	114
餱	114
漶	114
搛	113
癤	113
躐	113
蟯	113
腖	113
畛	113
勍	113
紼	177
鬏	112
舡	112
銎	112
恝	112
灄	111
胂	111
莛	111
戥	111
塏	111
甙	111
厓	110
鈄	110
擗	110
渫	109
碸	109
瘛	109
毹	109
萘	109
豨	108
塍	194
孢	125
脞	108
醵	108
堖	107
羧	107
襉	106
鮭	105
颮	105
鋨	105
蹁	105
梘	105
棖	104
捃	104
鷚	104
墁	104
崬	123
羰	104
莨	104
脩	103
玞	103
揲	103
裇	103
瑀	102
錟	102
啶	189
嵛	177
箯	102
砘	101
熲	101
幬	101
蛑	101
鎪	101
硭	101
楦*	124
丨	100
軺	100
炱	100
嗞	99
躦	99
茈	99
痼	99
卌	99
衁	99
釃	99
〇	99
黹	98
靺	98
湞	97
攉	97
鯗	97
籼	96
佽	96
鰵	96
呣	95
萵	95
顳	122
麿	95
砹	95
鉺	95
蚵	94
垡	93
鞨	93
醣	92
鍀	92
哿	92
鵓	91
庳	89
釤	89
酞	99
桄	88
嶢	88
蛺	88
畑	88
芴	87
腈	87
榧	103
禔	87
蓧	87
溻	86
鮦	86
嚌	86
鴝	86
繰	85
P	840
氽	85
毿	98
潲	85
芤	85
癜	131
峞	85
釙	85
籙	85
甾	84
鷯	143
鍃	84
蒺	84
呋	83
屺	83
鯿	83
坰	83
艤	83
銠	83
汆	82
嫚	82
釕	82
箅	82
砟	81
槧	81
鰱	100
珽	80
臌	126
迮	80
鰾	151
夼	79
嫪	79
錆	79
蜱	79
鞽	125
溴	78
甏	78
罨	78
倓	78
尙	77
脬	77
肼	77
奭	77
鈒	77
翀	77
隉	76
扆	76
鮁	76
袼	76
墼	76
鍏	76
瀵	76
屄	76
膣	75
褙	107
苊	75
瘥	75
唼	75
嗻	75
鸌	75
桕	113
礓	94
鍩	74
髟	74
玦	74
廒	74
酲	73
癍	73
瞍	73
孨	73
瘕	88
酐	100
劁	72
丶	72
堍	71
鎿	71
靬	70
爌	70
郪	69
胩	69
荽	123
礌	69
歔	69
崋	69
僳	68
嘌	68
躒	68
枊	68
梴	67
仡	67
賧	67
垌	67
幞	66
醨	66
睺	66
嘚	66
櫧	66
嘅	66
辶	65
妽	65
霪	65
轀	65
卂	65
岍	65
篝	64
眢	64
鱺	75
唑	81
凵	64
鎵	64
瞘	63
哳	63
鞮	63
駔	63
沘	63
櫫	62
呡	62
媺	62
鋟	62
犨	62
臢	62
嶝	61
蓰	61
澉	61
搌	72
舳	60
傺	60
銫	59
炘	59
薷	59
沺	59
罃	59
趵	59
鐦	58
顑	58
嘡	58
廾	58
唪	58
溧	57
蹯	57
鍆	57
鰒	57
瘮	57
媠	57
掭	57
泐	57
崟	57
嘧	57
鄜	56
Q	112
垤	56
溘	56
瘻	74
氙	56
瞵	55
泖	55
苄	55
耩	55
蕷	55
砼	55
鞹	55
碲	55
瑧	55
仂	54
夂	54
鯔	54
蕆	54
鶥	54
鈥	53
筢	53
砫	53
酴	53
牤	53
瓘	52
轒	52
尜	51
瓞	51
顬	51
菪	88
趑	50
鱧	69
鱖	49
茼	49
眵	61
潿	48
宀	47
諝	47
粞	47
竑	47
卍	46
鏝	46
禕	46
緶	46
吔	46
藶	46
瞋	46
楀	46
毽	71
堃	45
餷	45
咢	45
泔	45
邽	45
唶	45
胲	45
舭	45
幷	45
鄹	44
蒪	44
罱	44
冱	44
暘	43
琤	43
疳	43
氥	43
齆	43
袪	43
茚	42
拤	42
釔	42
潷	42
篴	42
桫	42
鎄	41
髕	41
柃	41
卐	41
鯪	41
瘃	41
鋆	41
蕹	40
簬	40
屾	40
豊	40
錇	40
晞	40
珵	39
瘈	39
頲	39
珖	39
婼	39
咥	39
灬	39
鉭	39
犋	39
顢	39
祼	39
銱	38
犼	38
鯧	38
鐓	38
鉍	38
暕	38
佧	38
揞	37
屼	37
鉿	37
鼽	37
賨	37
鶗	37
瘂	37
螗	77
鱒	56
縕	37
鮚	37
焜	36
怞	36
骺	36
嫜	36
箢	36
枹	36
蛓	35
喺	35
痱	35
廋	35
弝	35
畬	35
驏	35
篠	34
蟢	34
冖	34
淓	34
彳	34
涴	34
噀	34
醑	34
簨	33
謭	33
揠	33
稂	33
錸	33
茇	33
鵯	33
囅	33
蝽	33
醡	33
巰	33
鈽	33
鮐	33
棻	32
塒	48
彠	32
蹓	32
畯	31
靉	31
晙	31
洚	31
鐿	31
榖	31
钂	31
氵	31
悊	30
鯇	30
蜣	30
誧	30
橚	30
廴	30
嶅	30
垕	52
抃	30
圊	30
撖	29
嘜	29
愭	29
萜	29
暠	29
葙	29
炤	29
艹	29
厖	29
薟	29
艴	29
曈	29
秭	28
鎇	28
垎	28
伈	28
怲	28
燏	28
禚	28
牿	27
嗐	27
冇	27
脒	27
鐠	26
垚	26
璲	26
苺	26
耵	26
鐨	25
騍	25
輣	25
璫	25
疒	25
蠑	25
埯	25
濩	24
瀼	24
郕	24
韹	24
嚭	24
蒴	40
鈮	24
茓	24
鰹	24
猹	24
剋	24
盩	24
鎔	23
褟	23
棫	23
蘝	23
黲	39
駰	23
苘	23
膲	23
吋	23
扽	23
冏	22
卲	22
姱	22
鞬	22
膦	22
矉	22
豇	22
觺	21
怊	21
榿	21
愔	21
豞	21
哋	21
擭	21
釓	21
瑲	21
囍	21
沷	21
寔	21
鱣	21
踜	21
皦	20
篃	20
咗	20
烜	20
祂	20
愮	20
銣	20
鼴	20
釭	20
焞	20
褕	20
莙	20
鍚	20
筘	19
峹	19
飀	19
悆	19
鱭	19
僰	19
琈	19
痳	19
塙	19
鄏	18
蘘	18
戤	18
眳	18
鎴	18
砆	18
乺	18
虍	18
耔	18
嬛	18
揵	18
澴	18
佹	18
鼯	18
耱	18
颺	18
痦	17
弇	17
褢	17
玼	17
琯	17
抔	17
堉	17
嵡	17
瑄	17
仉	17
刡	17
忬	16
楛	16
朾	16
鈳	16
耡	16
獴	16
蔘	16
耮	16
襴	16
鮞	16
徬	16
嚆	16
珒	15
羍	15
磉	15
籓	15
呴	15
滻	15
棩	15
丿	15
鱅	15
瘭	15
浡	15
翽	15
璪	15
憖	15
籪	14
陑	14
○	216
襛	14
尐	14
杅	14
汧	14
緤	14
鰷	14
韣	14
郤	14
栫	14
頞	14
鮜	14
砮	14
耠	14
楯	14
菆	14
鎉	14
咹	14
爔	14
翾	14
崚	14
褘	13
踒	13
厔	13
鱨	13
鞶	13
瀞	13
冂	13
鋱	13
褔	13
佷	13
弨	13
攴	13
窅	13
燚	13
楙	13
弰	13
擿	13
囝	13
噷	13
焗	13
嘢	13
璮	13
獮	13
蘞	13
欸	13
璬	12
勯	12
叕	12
劐	12
玆	12
灉	12
虷	12
洑	12
寘	12
蟓	12
跩	12
苠	12
烔	12
逿	12
穠	12
坋	12
巂	12
鈰	12
褌	12
蓂	11
惓	11
鐻	11
捯	11
泭	11
礄	11
遹	11
陼	11
斝	11
罿	11
襜	11
梲	11
嵺	11
峱	11
漤	11
夊	11
轘	11
摽	11
畇	11
矞	11
佢	11
劼	11
嬬	11
璡	11
